star,starPopularity
Tom Cruise,9.076
Sigourney Weaver,4.624
Kurt Russell,4.597
Mickey Rourke,3.011
Clint Eastwood,8.802
Eddie Murphy,4.385
Steve Martin,2.159
Tom Hanks,10.221
Sean Penn,2.196
Meryl Streep,4.004
Michael Keaton,5.122
Robin Williams,4.824
Robert Redford,5.138
Danny DeVito,4.269
Arnold Schwarzenegger,8.524
Mel Gibson,6.015
Kevin Costner,3.803
Michael Douglas,2.676
Charlie Sheen,2.958
Christian Bale,7.309
Nicolas Cage,10.962
Tom Berenger,3.663
Nick Nolte,2.078
Richard Dreyfuss,1.471
Alec Baldwin,3.767
Bruce Willis,9.536
Val Kilmer,2.186
Dustin Hoffman,4.467
Gene Hackman,2.421
Leslie Nielsen,4.655
Dan Aykroyd,4.209
Steven Seagal,4.211
Bill Murray,2.979
Michelle Pfeiffer,4.539
John Cusack,4.219
Jeff Bridges,4.564
Laurence Fishburne,4.523
Matthew Broderick,3.35
James Woods,3.052
Harrison Ford,6.877
Keanu Reeves,11.809
Michael J. Fox,3.775
Ed Harris,4.477
Billy Crystal,1.565
James Spader,1.976
Morgan Freeman,15.204
Chevy Chase,1.566
Al Pacino,3.217
Woody Allen,3.982
Robert De Niro,4.029
Richard Gere,3.882
Macaulay Culkin,2.59
Johnny Depp,12.506
Sean Connery,7.225
Tim Robbins,4.466
Liam Neeson,8.266
Denzel Washington,6.518
Jodie Foster,4.247
Cuba Gooding Jr.,2.151
Susan Sarandon,5.772
Sylvester Stallone,15.369
Warren Beatty,1.667
Wesley Snipes,2.605
Harvey Keitel,2.489
Daniel Day-Lewis,3.704
Joe Pesci,2.301
Emilio Estevez,1.636
Jean-Claude Van Damme,3.473
Ray Liotta,4.004
Christian Slater,3.472
John Candy,3.22
Brad Pitt,7.525
Whoopi Goldberg,1.4
Elijah Wood,4.524
John Travolta,7.648
Jim Carrey,6.861
Woody Harrelson,6.976
Winona Ryder,3.974
Ralph Fiennes,5.55
Jack Nicholson,3.671
Anthony Hopkins,4.483
Kevin Spacey,4.314
Ice Cube,2.436
Ethan Hawke,4.311
Will Smith,5.117
Antonio Banderas,3.216
Sandra Bullock,7.401
Nicole Kidman,17.521
Adam Sandler,5.146
Matthew McConaughey,8.794
Glenn Close,4.141
Dennis Quaid,3.682
Vince Vaughn,4.585
Ben Stiller,5.618
Leonardo DiCaprio,15.648
Mark Wahlberg,5.681
Tommy Lee Jones,5.393
Mike Myers,3.157
Matt Damon,6.594
Pierce Brosnan,8.136
Demi Moore,5.269
Ben Affleck,8.654
Kevin Kline,1.562
Samuel L. Jackson,14.549
Marlon Wayans,2.648
Jackie Chan,13.413
George Clooney,4.419
Drew Barrymore,4.681
Julia Roberts,7.443
Joaquin Phoenix,3.044
Jason Biggs,2.376
Brendan Fraser,7.223
Thomas Jane,1.749
Kirsten Dunst,5.879
Jake Gyllenhaal,4.099
Russell Crowe,6.746
Tobey Maguire,3.809
Kevin Bacon,5.429
Billy Crudup,1.89
Patrick Stewart,3.506
Anna Faris,3.664
Cameron Diaz,4.966
David Arquette,0.6
Martin Lawrence,3.661
Colin Farrell,6.73
Kim Basinger,4.802
Angelina Jolie,10.766
Reese Witherspoon,3.141
Vin Diesel,8.511
Billy Bob Thornton,3.726
Jack Black,4.644
David Duchovny,1.886
Mandy Moore,4.274
Naomi Watts,3.556
Joseph Gordon-Levitt,4.704
Dwayne Johnson,8.3
Jennifer Lopez,4.977
Edward Norton,3.797
Frankie Muniz,1.094
Tim Allen,1.687
Gwyneth Paltrow,4.046
Shia LaBeouf,3.534
Ewan McGregor,6.014
Paul Walker,7.471
Will Ferrell,3.363
Kate Hudson,1.959
Jamie Lee Curtis,5.2
Ashton Kutcher,1.744
Paul Rudd,4.573
Lindsay Lohan,5.149
Hugh Jackman,9.075
Hilary Swank,4.505
Natalie Portman,9.525
Clive Owen,4.583
Anne Hathaway,8.263
Freddie Prinze Jr.,1.708
Owen Wilson,3.803
Chris Rock,2.064
Jennifer Aniston,5.314
Aaron Eckhart,3.21
Gerard Butler,10.683
Channing Tatum,3.443
Jason Statham,11.813
Ryan Phillippe,2.926
David Spade,1.96
Tyler Perry,3.998
James Franco,5.914
Steve Carell,4.953
Ryan Gosling,4.9
Halle Berry,4.552
Robert Downey Jr.,12.411
Kristen Bell,6.249
Seth Rogen,3.773
Katherine Heigl,5.434
Hayden Christensen,3.956
Chris Pine,7.205
Amy Adams,9.367
Evan Rachel Wood,4.306
Kate Beckinsale,8.031
Jesse Eisenberg,1.912
Helen Mirren,3.301
Chris Hemsworth,15.202
Ryan Reynolds,10.672
Kristen Stewart,5.666
Jason Bateman,2.557
Bradley Cooper,11.625
Charlize Theron,9.362
Philip Seymour Hoffman,3.407
Jennifer Lawrence,7.776
Anna Kendrick,2.073
