director,directorPopularity
Tony Scott,1.964
James Cameron,3.66
John Carpenter,3.253
Adrian Lyne,0.608
Clint Eastwood,8.802
Michael Ritchie,0.6
John Landis,1.4
Richard Benjamin,1.032
James Foley,1.4
Mike Nichols,1.4
Ron Howard,2.996
Harold Ramis,0.84
Ivan Reitman,1.4
Brian De Palma,1.829
John McTiernan,1.658
Richard Donner,1.96
Oliver Stone,1.96
Steven Spielberg,8.506
Joel Coen,2.822
Barry Levinson,2.402
Roger Donaldson,0.64
Barbet Schroeder,0.6
Ridley Scott,3.847
Walter Hill,1.757
Tim Burton,2.186
Penny Marshall,0.721
Alan Parker,1.4
David Zucker,1.567
Howard Deutch,0.6
Ron Shelton,1.4
Andrew Davis,1.38
Jonathan Demme,1.767
Michael Apted,0.6
John Sayles,0.652
Francis Ford Coppola,4.051
Spike Lee,3.177
Harold Becker,0.6
Stephen Herek,1.932
Robert Zemeckis,2.514
Edward Zwick,1.4
Rob Reiner,2.379
Steven Soderbergh,2.46
Bruce Beresford,1.96
Woody Allen,3.982
John Dahl,0.98
Martin Scorsese,3.121
Garry Marshall,2.111
Chris Columbus,1.646
Renny Harlin,1.4
John Waters,1.175
Sam Raimi,1.799
John Singleton,1.4
Kevin Reynolds,0.98
Frank Oz,2.474
Wolfgang Petersen,1.4
Lasse Hallstrom,1.38
Quentin Tarantino,8.831
Michael Mann,2.101
Jonathan Lynn,1.634
David Fincher,3.681
Phillip Noyce,1.22
Roland Emmerich,2.827
Robert Altman,1.798
Nora Ephron,0.98
Jon Turteltaub,2.175
John Woo,2.074
Dominic Sena,0.6
Stephen Hopkins,1.614
Barry Sonnenfeld,1.307
Stephen Sommers,0.615
Jan de Bont,1.4
Chuck Russell,1.96
Tom Shadyac,2.309
Ben Stiller,5.618
Kenneth Branagh,2.842
Donald Petrie,1.4
Joel Schumacher,1.4
Robert Redford,5.138
Peter Segal,0.6
Curtis Hanson,1.22
Martin Campbell,1.96
James L. Brooks,0.907
Joe Johnston,1.96
Bryan Singer,4.915
John Lasseter,2.561
F. Gary Gray,1.663
Richard Linklater,1.96
Michael Bay,2.758
Robert Rodriguez,4.038
Kathryn Bigelow,1.739
Gus Van Sant,2.736
Wes Craven,1.4
Dennis Dugan,1.4
Cameron Crowe,1.421
Bobby Farrelly,0.98
Rob Cohen,1.4
Doug Liman,1.96
David Twohy,1.61
Brian Levant,0.6
Jon Avnet,0.6
David O. Russell,1.071
Simon West,0.766
Paul Thomas Anderson,1.761
Taylor Hackford,1.151
Mike Newell,1.4
Jay Roach,0.6
Gary Fleder,1.4
Kevin Smith,1.4
James Mangold,1.238
Ang Lee,1.4
Brett Ratner,2.573
Paul Schrader,1.566
Randall Miller,0.6
Frank Coraci,0.6
Andy Tennant,1.269
Betty Thomas,0.652
Eric Darnell,1.4
Peter Berg,1.494
David Dobkin,0.6
Sam Mendes,1.558
Lana Wachowski,2.431
Paul Weitz,1.024
M. Night Shyamalan,4.074
Sofia Coppola,1.481
Raja Gosnell,1.4
Alexander Payne,1.96
David Koepp,0.766
Wayne Wang,1.38
Boaz Yakin,2.05
Keenen Ivory Wayans,1.025
McG,0.652
Peyton Reed,1.322
Nancy Meyers,1.38
George Tillman Jr.,1.537
Steve Carr,0.98
James Gray,1.38
Brian Robbins,1.009
Antoine Fuqua,2.685
Robert Luketic,0.6
Wes Anderson,3.41
Marc Forster,1.49
Gore Verbinski,1.696
John Stockwell,3.401
Jon Favreau,2.355
John Whitesell,1.054
Adam Shankman,1.38
Peter Jackson,3.171
Christopher Nolan,6.263
Ron Clements,1.4
Shawn Levy,1.286
John Lee Hancock,1.392
Tim Story,1.4
D.J. Caruso,1.566
Neil LaBute,1.812
Mark Waters,1.38
Harald Zwart,1.471
William Friedkin,0.98
Adam McKay,1.4
Ethan Coen,1.893
Todd Phillips,1.425
Bill Condon,2.697
Mike Mitchell,1.69
Francis Lawrence,1.816
Robert Schwentke,1.547
Jason Reitman,3.217
David Ayer,1.4
Zack Snyder,3.666
Darren Aronofsky,3.128
David Frankel,1.47
Anne Fletcher,1.4
J.J. Abrams,2.623
Mark Neveldine,1.38
Tyler Perry,3.998
Justin Lin,1.016
Craig Gillespie,0.6
Andy Fickman,1.4
James Wan,7.845
Ken Kwapis,1.4
Nicholas Stoller,1.4
David Gordon Green,1.195
Scott Derrickson,0.6
Gavin O'Connor,1.96
George Clooney,4.419
Malcolm D. Lee,0.6
Brad Bird,2.234
Jake Kasdan,0.98
Paul Feig,1.595
Andrew Fleming,1.38
Eli Roth,1.4
