"","X","director","directorPopularity","star","starPopularity","budget","directorGender","directorAge","genre","gross","name","rating","released","runtime","score","starGender","starAge","votes","year","profit","percProf"
"239",239,"Ron Shelton",1.4,"Harrison Ford",6.877,75000000,"Male",58,"Action",30013346,"Hollywood Homicide","PG-13",6,116,5.3,"Male",61,32542,2003,-44986654,"negative"
"334",334,"Woody Allen",3.982,"Woody Allen",3.982,20000000,"Male",61,"Comedy",9714482,"Everyone Says I Love You","R",1,101,6.8,"Male",61,31731,1996,-10285518,"negative"
"513",513,"Joel Schumacher",1.4,"Arnold Schwarzenegger",8.524,125000000,"Male",58,"Action",107325195,"Batman & Robin","PG-13",6,125,3.7,"Male",50,202339,1997,-17674805,"negative"
"871",871,"D.J. Caruso",1.566,"Kate Beckinsale",8.031,15000000,"Male",51,"Drama",2411580,"The Disappointments Room","R",9,85,3.9,"Female",43,6287,2016,-12588420,"negative"
"188",188,"Ridley Scott",3.847,"Leonardo DiCaprio",15.648,70000000,"Male",71,"Action",39394666,"Body of Lies","R",10,128,7.1,"Male",34,185521,2008,-30605334,"negative"
"853",853,"Shawn Levy",1.286,"Vince Vaughn",4.585,58000000,"Male",45,"Comedy",44672764,"The Internship","PG-13",6,119,6.3,"Male",43,169189,2013,-13327236,"negative"
"907",907,"Mike Mitchell",1.69,"Ben Affleck",8.654,45000000,"Male",34,"Comedy",11663156,"Surviving Christmas","PG-13",10,91,5.3,"Male",32,18771,2004,-33336844,"negative"
"610",610,"Bobby Farrelly",0.98,"Laurence Fishburne",4.523,70000000,"Male",43,"Animation",13596911,"Osmosis Jones","PG",8,95,6.3,"Male",40,27295,2001,-56403089,"negative"
"561",561,"Richard Linklater",1.96,"Keanu Reeves",11.809,8700000,"Male",46,"Animation",5501616,"A Scanner Darkly","R",7,100,7.1,"Male",42,94464,2006,-3198384,"negative"
"57",57,"Richard Benjamin",1.032,"Dan Aykroyd",4.209,20000000,"Male",50,"Comedy",13854000,"My Stepmother Is an Alien","PG-13",12,105,5.2,"Male",36,22281,1988,-6146000,"negative"
"980",980,"Gavin O'Connor",1.96,"Natalie Portman",9.525,25000000,"Male",51,"Action",1512815,"Jane Got a Gun","R",1,98,5.9,"Female",34,15689,2015,-23487185,"negative"
"168",168,"Barry Levinson",2.402,"Joe Pesci",2.301,30000000,"Male",52,"Crime",3692874,"Jimmy Hollywood","R",3,112,5.3,"Male",51,2702,1994,-26307126,"negative"
"626",626,"Rob Cohen",1.4,"Tyler Perry",3.998,35000000,"Male",63,"Action",25888412,"Alex Cross","PG-13",10,101,5.1,"Male",43,29622,2012,-9111588,"negative"
"988",988,"Andrew Fleming",1.38,"Evan Rachel Wood",4.306,6000000,"Male",51,"Comedy",11766,"Barefoot","PG-13",9,90,6.6,"Female",27,19248,2014,-5988234,"negative"
"683",683,"James Mangold",1.238,"Tom Cruise",9.076,117000000,"Male",47,"Action",76423035,"Knight and Day","PG-13",6,109,6.3,"Male",48,157815,2010,-40576965,"negative"
"430",430,"Phillip Noyce",1.22,"Val Kilmer",2.186,68000000,"Male",47,"Action",61355436,"The Saint","PG-13",4,116,6.2,"Male",38,54546,1997,-6644564,"negative"
"639",639,"Jon Avnet",0.6,"Al Pacino",3.217,30000000,"Male",58,"Crime",16930884,"88 Minutes","R",4,108,5.9,"Male",67,68510,2007,-13069116,"negative"
"936",936,"David Frankel",1.47,"Owen Wilson",3.803,41000000,"Male",52,"Comedy",7204138,"The Big Year","PG",10,100,6.2,"Male",43,36943,2011,-33795862,"negative"
"331",331,"Woody Allen",3.982,"Woody Allen",3.982,20000000,"Male",57,"Comedy",10555619,"Husbands and Wives","R",9,103,7.6,"Male",57,23108,1992,-9444381,"negative"
"677",677,"Gary Fleder",1.4,"Jason Statham",11.813,22000000,"Male",48,"Action",19783777,"Homefront","R",11,100,6.5,"Male",46,90430,2013,-2216223,"negative"
"979",979,"Gavin O'Connor",1.96,"Edward Norton",3.797,30000000,"Male",44,"Crime",15709385,"Pride and Glory","R",10,130,6.7,"Male",39,55020,2008,-14290615,"negative"
"965",965,"James Wan",7.845,"Kevin Bacon",5.429,20000000,"Male",30,"Action",9525276,"Death Sentence","R",8,105,6.8,"Male",49,62804,2007,-10474724,"negative"
"973",973,"David Gordon Green",1.195,"Nicolas Cage",10.962,4000000,"Male",38,"Drama",373375,"Joe","R",4,117,6.9,"Male",49,39431,2013,-3626625,"negative"
"106",106,"Brian De Palma",1.829,"Tom Hanks",10.221,47000000,"Male",50,"Comedy",15691192,"The Bonfire of the Vanities","R",12,125,5.5,"Male",34,18886,1990,-31308808,"negative"
"230",230,"Howard Deutch",0.6,"Bruce Willis",9.536,40000000,"Male",54,"Comedy",16323969,"The Whole Ten Yards","PG-13",4,98,5.5,"Male",49,48262,2004,-23676031,"negative"
"330",330,"Woody Allen",3.982,"Woody Allen",3.982,14000000,"Male",56,"Comedy",2735731,"Shadows and Fog","PG-13",3,85,6.8,"Male",56,14024,1991,-11264269,"negative"
"11",11,"Tony Scott",1.964,"Christian Slater",3.472,13000000,"Male",49,"Crime",12281500,"True Romance","R",9,120,8,"Male",24,174471,1993,-718500,"negative"
"328",328,"Woody Allen",3.982,"John Cusack",4.219,20000000,"Male",59,"Comedy",13383737,"Bullets Over Broadway","R",2,98,7.5,"Male",28,31237,1994,-6616263,"negative"
"756",756,"Alexander Payne",1.96,"Matthew Broderick",3.35,25000000,"Male",38,"Comedy",14879556,"Election","R",5,103,7.3,"Male",37,77515,1999,-10120444,"negative"
"293",293,"Robert Zemeckis",2.514,"Jim Carrey",6.861,200000000,"Male",57,"Animation",137855863,"A Christmas Carol","PG",11,96,6.8,"Male",47,80819,2009,-62144137,"negative"
"399",399,"Lasse Hallstrom",1.38,"Kevin Spacey",4.314,35000000,"Male",55,"Drama",11434216,"The Shipping News","R",1,111,6.8,"Male",42,29749,2001,-23565784,"negative"
"503",503,"Ben Stiller",5.618,"Ben Stiller",5.618,90000000,"Male",48,"Adventure",58236838,"The Secret Life of Walter Mitty","PG",12,114,7.3,"Male",48,255109,2013,-31763162,"negative"
"412",412,"Michael Mann",2.101,"Will Smith",5.117,107000000,"Male",58,"Biography",58203105,"Ali","R",12,157,6.8,"Male",33,83314,2001,-48796895,"negative"
"166",166,"Barry Levinson",2.402,"Robert De Niro",4.029,25000000,"Male",66,"Comedy",1090947,"What Just Happened","R",10,104,5.7,"Male",65,24511,2008,-23909053,"negative"
"696",696,"Brett Ratner",2.573,"Pierce Brosnan",8.136,58000000,"Male",35,"Action",28328132,"After the Sunset","PG-13",11,97,6.3,"Male",51,40092,2004,-29671868,"negative"
"545",545,"James L. Brooks",0.907,"Reese Witherspoon",3.141,120000000,"Male",70,"Comedy",30212620,"How Do You Know","PG-13",12,100,5.4,"Female",34,37605,2010,-89787380,"negative"
"662",662,"Taylor Hackford",1.151,"Jason Statham",11.813,35000000,"Male",69,"Action",17609982,"Parker","R",1,118,6.2,"Male",46,97771,2013,-17390018,"negative"
"88",88,"Harold Ramis",0.84,"Michael Keaton",5.122,45000000,"Male",52,"Comedy",20100000,"Multiplicity","PG-13",7,117,6,"Male",45,26196,1996,-24900000,"negative"
"615",615,"Bobby Farrelly",0.98,"Ben Stiller",5.618,60000000,"Male",49,"Comedy",36787257,"The Heartbreak Kid","R",10,116,5.8,"Male",42,75859,2007,-23212743,"negative"
"957",957,"Justin Lin",1.016,"Chris Pine",7.205,185000000,"Male",43,"Action",158848340,"Star Trek Beyond","PG-13",7,122,7.1,"Male",36,179426,2016,-26151660,"negative"
"675",675,"Gary Fleder",1.4,"John Cusack",4.219,60000000,"Male",38,"Drama",49443628,"Runaway Jury","PG-13",10,127,7.1,"Male",37,80544,2003,-10556372,"negative"
"521",521,"Joel Schumacher",1.4,"Colin Farrell",6.73,10000000,"Male",61,"Drama",139692,"Tigerland","R",5,101,7,"Male",24,34628,2000,-9860308,"negative"
"649",649,"Simon West",0.766,"Nicolas Cage",10.962,35000000,"Male",51,"Action",304318,"Stolen","R",4,96,5.5,"Male",48,39133,2012,-34695682,"negative"
"448",448,"Nora Ephron",0.98,"Nicole Kidman",17.521,85000000,"Female",64,"Comedy",62252415,"Bewitched","PG-13",6,102,4.8,"Female",38,61436,2005,-22747585,"negative"
"425",425,"David Fincher",3.681,"Brad Pitt",7.525,63000000,"Male",37,"Drama",37030102,"Fight Club","R",10,139,8.8,"Male",36,1492073,1999,-25969898,"negative"
"647",647,"David O. Russell",1.071,"Jennifer Lawrence",7.776,60000000,"Male",57,"Biography",56451232,"Joy","PG-13",12,124,6.6,"Female",25,102242,2015,-3548768,"negative"
"21",21,"John Carpenter",3.253,"Chevy Chase",1.566,40000000,"Male",44,"Comedy",14358033,"Memoirs of an Invisible Man","PG-13",2,99,5.9,"Male",49,18652,1992,-25641967,"negative"
"372",372,"John Waters",1.175,"Johnny Depp",12.506,11000000,"Male",44,"Comedy",8266343,"Cry-Baby","PG-13",4,85,6.5,"Male",27,47001,1990,-2733657,"negative"
"603",603,"Dennis Dugan",1.4,"Jason Biggs",2.376,22000000,"Male",55,"Action",19351569,"Saving Silverman","PG-13",2,90,5.9,"Male",23,34712,2001,-2648431,"negative"
"544",544,"James L. Brooks",0.907,"Adam Sandler",5.146,80000000,"Male",64,"Comedy",42044321,"Spanglish","PG-13",12,131,6.4,"Male",38,69272,2004,-37955679,"negative"
"370",370,"Renny Harlin",1.4,"Sylvester Stallone",15.369,94000000,"Male",42,"Action",32616869,"Driven","PG-13",4,116,4.5,"Male",55,35770,2001,-61383131,"negative"
"688",688,"James Mangold",1.238,"Russell Crowe",6.746,55000000,"Male",44,"Adventure",53606916,"3:10 to Yuma","R",9,122,7.7,"Male",43,252471,2007,-1393084,"negative"
"337",337,"Woody Allen",3.982,"Woody Allen",3.982,16000000,"Male",67,"Comedy",4839383,"Hollywood Ending","PG-13",5,112,6.6,"Male",67,23072,2002,-11160617,"negative"
"193",193,"Walter Hill",1.757,"Mickey Rourke",3.011,20000000,"Male",47,"Crime",7237794,"Johnny Handsome","R",9,94,6.1,"Male",37,7483,1989,-12762206,"negative"
"968",968,"Ken Kwapis",1.4,"Drew Barrymore",4.681,40000000,"Male",55,"Biography",20113965,"Big Miracle","PG",2,107,6.5,"Female",37,16132,2012,-19886035,"negative"
"82",82,"Ron Howard",2.996,"Matthew McConaughey",8.794,80000000,"Male",45,"Comedy",22362500,"Edtv","PG-13",3,122,6.1,"Male",30,37180,1999,-57637500,"negative"
"241",241,"Andrew Davis",1.38,"Arnold Schwarzenegger",8.524,85000000,"Male",56,"Action",40077257,"Collateral Damage","R",2,108,5.5,"Male",55,64737,2002,-44922743,"negative"
"398",398,"Lasse Hallstrom",1.38,"Johnny Depp",12.506,11000000,"Male",47,"Drama",9170214,"What's Eating Gilbert Grape","PG-13",3,118,7.8,"Male",30,183569,1993,-1829786,"negative"
"509",509,"Donald Petrie",1.4,"Macaulay Culkin",2.59,40000000,"Male",40,"Comedy",38087756,"Ri¢hie Ri¢h","PG",12,95,5.3,"Male",14,53644,1994,-1912244,"negative"
"319",319,"Steven Soderbergh",2.46,"George Clooney",4.419,32000000,"Male",43,"Drama",1308696,"The Good German","R",1,105,6.1,"Male",45,22267,2006,-30691304,"negative"
"718",718,"Betty Thomas",0.652,"Sandra Bullock",7.401,43000000,"Female",53,"Comedy",37170488,"28 Days","PG-13",4,103,6,"Female",36,37015,2000,-5829512,"negative"
"224",224,"Alan Parker",1.4,"Kevin Spacey",4.314,50000000,"Male",59,"Crime",19593740,"The Life of David Gale","R",2,130,7.6,"Male",44,94693,2003,-30406260,"negative"
"340",340,"Woody Allen",3.982,"Joaquin Phoenix",3.044,11000000,"Male",80,"Comedy",4027764,"Irrational Man","R",8,95,6.6,"Male",41,42507,2015,-6972236,"negative"
"247",247,"Andrew Davis",1.38,"Keanu Reeves",11.809,50000000,"Male",50,"Action",20550712,"Chain Reaction","PG-13",8,107,5.6,"Male",32,42633,1996,-29449288,"negative"
"491",491,"Chuck Russell",1.96,"Kim Basinger",4.802,65000000,"Male",42,"Crime",29374178,"Bless the Child","R",8,107,5.1,"Female",47,12659,2000,-35625822,"negative"
"197",197,"Walter Hill",1.757,"Bruce Willis",9.536,67000000,"Male",54,"Action",17600000,"Last Man Standing","R",9,101,6.4,"Male",41,47034,1996,-49400000,"negative"
"345",345,"John Dahl",0.98,"Ray Liotta",4.004,18000000,"Male",40,"Drama",2780278,"Unforgettable","R",2,117,6,"Male",42,4227,1996,-15219722,"negative"
"593",593,"Wes Craven",1.4,"Meryl Streep",4.004,27000000,"Male",60,"Drama",14859394,"Music of the Heart","PG",10,124,6.8,"Female",50,10622,1999,-12140606,"negative"
"62",62,"Mike Nichols",1.4,"Tom Hanks",10.221,75000000,"Male",76,"Biography",66661095,"Charlie Wilson's War","R",12,102,7.1,"Male",51,94070,2007,-8338905,"negative"
"874",874,"Neil LaBute",1.812,"Gwyneth Paltrow",4.046,25000000,"Male",39,"Drama",10103647,"Possession","PG-13",8,102,6.4,"Female",30,11970,2002,-14896353,"negative"
"792",792,"James Gray",1.38,"Joaquin Phoenix",3.044,12000000,"Male",39,"Drama",3148482,"Two Lovers","R",3,110,7.1,"Male",34,31508,2008,-8851518,"negative"
"945",945,"Mark Neveldine",1.38,"Gerard Butler",10.683,50000000,"Male",36,"Action",20488579,"Gamer","R",9,95,5.8,"Male",40,118535,2009,-29511421,"negative"
"252",252,"Jonathan Demme",1.767,"Denzel Washington",6.518,80000000,"Male",60,"Drama",65955630,"The Manchurian Candidate","R",7,129,6.6,"Male",50,91522,2004,-14044370,"negative"
"808",808,"Robert Luketic",0.6,"Katherine Heigl",5.434,75000000,"Male",37,"Action",47059963,"Killers","PG-13",6,100,5.4,"Female",32,77029,2010,-27940037,"negative"
"794",794,"Brian Robbins",1.009,"Eddie Murphy",4.385,60000000,"Male",45,"Adventure",11802056,"Meet Dave","PG",7,90,4.9,"Male",47,33540,2008,-48197944,"negative"
"772",772,"McG",0.652,"Drew Barrymore",4.681,120000000,"Male",35,"Action",100830111,"Charlie's Angels: Full Throttle","PG-13",6,106,4.8,"Female",28,105990,2003,-19169889,"negative"
"850",850,"Ron Clements",1.4,"Joseph Gordon-Levitt",4.704,140000000,"Male",49,"Animation",38176783,"Treasure Planet","PG",11,95,7.1,"Male",21,79637,2002,-101823217,"negative"
"283",283,"Stephen Herek",1.932,"Angelina Jolie",10.766,40000000,"Male",44,"Comedy",14448589,"Life or Something Like It","PG-13",4,103,5.8,"Female",27,20540,2002,-25551411,"negative"
"584",584,"Kathryn Bigelow",1.739,"Ralph Fiennes",5.55,42000000,"Female",44,"Action",7919000,"Strange Days","R",10,145,7.2,"Male",33,57697,1995,-34081000,"negative"
"709",709,"Frank Coraci",0.6,"Jackie Chan",13.413,110000000,"Male",38,"Action",24008137,"Around the World in 80 Days","PG",6,120,5.8,"Male",50,73536,2004,-85991863,"negative"
"798",798,"Antoine Fuqua",2.685,"Bruce Willis",9.536,70000000,"Male",37,"Action",43734876,"Tears of the Sun","R",3,121,6.6,"Male",48,99418,2003,-26265124,"negative"
"803",803,"Antoine Fuqua",2.685,"Mark Wahlberg",5.681,61000000,"Male",41,"Action",47003582,"Shooter","R",3,124,7.2,"Male",36,273032,2007,-13996418,"negative"
"898",898,"Todd Phillips",1.425,"Billy Bob Thornton",3.726,20000000,"Male",36,"Comedy",17803796,"School for Scoundrels","PG-13",9,100,5.9,"Male",51,27180,2006,-2196204,"negative"
"233",233,"Howard Deutch",0.6,"Macaulay Culkin",2.59,30000000,"Male",44,"Comedy",18438164,"Getting Even with Dad","PG",6,109,4.6,"Male",14,6383,1994,-11561836,"negative"
"538",538,"Martin Campbell",1.96,"Ray Liotta",4.004,20000000,"Male",51,"Action",15340000,"No Escape","R",4,118,6.1,"Male",40,16576,1994,-4660000,"negative"
"156",156,"Barry Levinson",2.402,"Robin Williams",4.824,43000000,"Male",50,"Adventure",21452082,"Toys","PG-13",12,118,5,"Male",41,27750,1992,-21547918,"negative"
"504",504,"Ben Stiller",5.618,"Ben Stiller",5.618,50000000,"Male",51,"Comedy",28848693,"Zoolander 2","PG-13",2,101,4.7,"Male",51,51053,2016,-21151307,"negative"
"87",87,"Ron Howard",2.996,"Chris Hemsworth",15.202,100000000,"Male",61,"Action",25020758,"In the Heart of the Sea","PG-13",12,122,6.9,"Male",32,94603,2015,-74979242,"negative"
"180",180,"Barbet Schroeder",0.6,"Sandra Bullock",7.401,50000000,"Male",61,"Crime",31874869,"Murder by Numbers","R",4,115,6.1,"Female",38,46166,2002,-18125131,"negative"
"95",95,"Ivan Reitman",1.4,"Robin Williams",4.824,85000000,"Male",51,"Comedy",28659604,"Fathers' Day","PG-13",5,98,5.1,"Male",46,12880,1997,-56340396,"negative"
"178",178,"Barbet Schroeder",0.6,"Meryl Streep",4.004,35000000,"Male",55,"Crime",8797839,"Before and After","PG-13",2,108,6.1,"Female",47,7142,1996,-26202161,"negative"
"45",45,"Clint Eastwood",8.802,"Ryan Phillippe",2.926,90000000,"Male",76,"Drama",33602376,"Flags of our Fathers","R",10,135,7.1,"Male",32,106291,2006,-56397624,"negative"
"445",445,"Nora Ephron",0.98,"Steve Martin",2.159,15000000,"Female",53,"Comedy",6798240,"Mixed Nuts","PG-13",12,97,5.4,"Male",49,8563,1994,-8201760,"negative"
"627",627,"Doug Liman",1.96,"Tom Cruise",9.076,178000000,"Male",49,"Action",100206256,"Edge of Tomorrow","PG-13",6,113,7.9,"Male",52,486882,2014,-77793744,"negative"
"536",536,"Curtis Hanson",1.22,"Michael Douglas",2.676,55000000,"Male",55,"Comedy",19389454,"Wonder Boys","R",2,107,7.4,"Male",56,56555,2000,-35610546,"negative"
"542",542,"James L. Brooks",0.907,"Nick Nolte",2.078,44000000,"Male",54,"Comedy",10209111,"I'll Do Anything","PG-13",2,115,5.6,"Male",53,2180,1994,-33790889,"negative"
"317",317,"Steven Soderbergh",2.46,"George Clooney",4.419,47000000,"Male",39,"Drama",14970038,"Solaris","PG-13",11,99,6.2,"Male",41,70859,2002,-32029962,"negative"
"281",281,"Stephen Herek",1.932,"Mark Wahlberg",5.681,57000000,"Male",43,"Drama",17008282,"Rock Star","R",9,105,6.2,"Male",30,36324,2001,-39991718,"negative"
"875",875,"Neil LaBute",1.812,"Paul Rudd",4.573,4000000,"Male",40,"Comedy",732241,"The Shape of Things","R",5,96,6.7,"Male",34,10052,2003,-3267759,"negative"
"882",882,"Harald Zwart",1.471,"Steve Martin",2.159,70000000,"Male",44,"Adventure",35922978,"The Pink Panther 2","PG",2,92,5.6,"Male",64,35845,2009,-34077022,"negative"
"442",442,"Robert Altman",1.798,"Richard Gere",3.882,23000000,"Male",75,"Comedy",13113041,"Dr. T & the Women","R",10,122,4.6,"Male",51,16174,2000,-9886959,"negative"
"235",235,"Howard Deutch",0.6,"Kate Hudson",1.959,40000000,"Male",58,"Comedy",19219250,"My Best Friend's Girl","R",9,101,5.9,"Female",29,38869,2008,-20780750,"negative"
"933",933,"David Frankel",1.47,"Will Smith",5.117,36000000,"Male",57,"Drama",30982955,"Collateral Beauty","PG-13",12,97,6.8,"Male",48,56439,2016,-5017045,"negative"
"667",667,"Mike Newell",1.4,"Jake Gyllenhaal",4.099,200000000,"Male",68,"Action",90759676,"Prince of Persia: The Sands of Time","PG-13",5,116,6.6,"Male",30,237542,2010,-109240324,"negative"
"417",417,"Jonathan Lynn",1.634,"Steve Martin",2.159,39000000,"Male",53,"Comedy",30356793,"Sgt. Bilko","PG",3,93,5.7,"Male",51,18726,1996,-8643207,"negative"
"154",154,"Joel Coen",2.822,"Billy Bob Thornton",3.726,20000000,"Male",47,"Crime",7494849,"The Man Who Wasn't There","R",11,116,7.6,"Male",46,90712,2001,-12505151,"negative"
"719",719,"Eric Darnell",1.4,"Woody Allen",3.982,105000000,"Male",37,"Animation",90757863,"Antz","PG",10,83,6.6,"Male",63,131396,1998,-14242137,"negative"
"324",324,"Bruce Beresford",1.96,"Eddie Murphy",4.385,8000000,"Male",76,"Comedy",685143,"Mr. Church","PG-13",9,104,7.7,"Male",55,18249,2016,-7314857,"negative"
"702",702,"Paul Schrader",1.566,"Lindsay Lohan",5.149,250000,"Male",67,"Drama",49494,"The Canyons","R",8,99,3.9,"Female",27,9126,2013,-200506,"negative"
"391",391,"Wolfgang Petersen",1.4,"Tom Berenger",3.663,22000000,"Male",50,"Crime",11511031,"Shattered","R",10,98,6.5,"Male",42,6807,1991,-10488969,"negative"
"650",650,"Simon West",0.766,"Sylvester Stallone",15.369,100000000,"Male",51,"Action",85017401,"The Expendables 2","R",8,103,6.6,"Male",66,261485,2012,-14982599,"negative"
"474",474,"Barry Sonnenfeld",1.307,"Michael J. Fox",3.775,30000000,"Male",40,"Comedy",10997166,"For Love or Money","PG",10,96,6.1,"Male",32,10037,1993,-19002834,"negative"
"232",232,"Howard Deutch",0.6,"Keanu Reeves",11.809,50000000,"Male",50,"Comedy",44737059,"The Replacements","PG-13",8,118,6.5,"Male",36,50976,2000,-5262941,"negative"
"690",690,"Ang Lee",1.4,"Kevin Kline",1.562,18000000,"Male",43,"Drama",7837632,"The Ice Storm","R",11,112,7.5,"Male",50,48479,1997,-10162368,"negative"
"93",93,"Harold Ramis",0.84,"Brendan Fraser",7.223,48000000,"Male",56,"Comedy",37879996,"Bedazzled","PG-13",10,93,6,"Male",32,86122,2000,-10120004,"negative"
"10",10,"Tony Scott",1.964,"Denzel Washington",6.518,100000000,"Male",66,"Action",81562942,"Unstoppable","PG-13",11,98,6.8,"Male",56,160551,2010,-18437058,"negative"
"464",464,"John Woo",2.074,"Ben Affleck",8.654,60000000,"Male",57,"Action",53790451,"Paycheck","PG-13",12,119,6.3,"Male",31,93707,2003,-6209549,"negative"
"67",67,"Mike Nichols",1.4,"Harrison Ford",6.877,50000000,"Male",60,"Drama",43001500,"Regarding Henry","PG-13",7,108,6.7,"Male",49,24971,1991,-6998500,"negative"
"749",749,"Sofia Coppola",1.481,"Kirsten Dunst",5.879,6000000,"Female",28,"Drama",4859475,"The Virgin Suicides","R",5,97,7.2,"Female",17,125166,1999,-1140525,"negative"
"886",886,"William Friedkin",0.98,"Tommy Lee Jones",5.393,55000000,"Male",68,"Action",34238611,"The Hunted","R",3,94,6,"Male",57,37835,2003,-20761389,"negative"
"770",770,"McG",0.652,"Christian Bale",7.309,200000000,"Male",41,"Action",125322469,"Terminator Salvation","PG-13",5,115,6.6,"Male",35,301842,2009,-74677531,"negative"
"692",692,"Ang Lee",1.4,"Tobey Maguire",3.809,35000000,"Male",45,"Drama",630779,"Ride with the Devil","R",11,138,6.8,"Male",24,11587,1999,-34369221,"negative"
"306",306,"Rob Reiner",2.379,"Bruce Willis",9.536,50000000,"Male",52,"Comedy",27067160,"The Story of Us","R",10,95,5.9,"Male",44,19215,1999,-22932840,"negative"
"929",929,"Darren Aronofsky",3.128,"Russell Crowe",6.746,125000000,"Male",45,"Action",101200044,"Noah","PG-13",3,138,5.8,"Male",50,213644,2014,-23799956,"negative"
"470",470,"Stephen Hopkins",1.614,"Jeff Bridges",4.564,50000000,"Male",36,"Action",30155037,"Blown Away","R",7,121,6.2,"Male",45,24421,1994,-19844963,"negative"
"282",282,"Stephen Herek",1.932,"Tommy Lee Jones",5.393,40000000,"Male",47,"Action",19699706,"Man of the House","PG-13",2,100,5.4,"Male",59,20682,2005,-20300294,"negative"
"735",735,"Sam Mendes",1.558,"Leonardo DiCaprio",15.648,35000000,"Male",43,"Drama",22911480,"Revolutionary Road","R",1,119,7.3,"Male",34,162463,2008,-12088520,"negative"
"127",127,"Richard Donner",1.96,"Bruce Willis",9.536,52000000,"Male",76,"Action",36883539,"16 Blocks","PG-13",3,102,6.6,"Male",51,116840,2006,-15116461,"negative"
"153",153,"Joel Coen",2.822,"George Clooney",4.419,60000000,"Male",49,"Comedy",35327628,"Intolerable Cruelty","PG-13",10,100,6.3,"Male",42,80789,2003,-24672372,"negative"
"785",785,"George Tillman Jr.",1.537,"Dwayne Johnson",8.3,24000000,"Male",41,"Action",23240020,"Faster","R",11,98,6.5,"Male",38,85407,2010,-759980,"negative"
"339",339,"Woody Allen",3.982,"Anthony Hopkins",4.483,22000000,"Male",75,"Comedy",3247816,"You Will Meet a Tall Dark Stranger","R",10,100,6.3,"Male",73,39014,2010,-18752184,"negative"
"52",52,"John Landis",1.4,"Eddie Murphy",4.385,55000000,"Male",44,"Action",42610000,"Beverly Hills Cop III","R",5,104,5.5,"Male",33,64891,1994,-12390000,"negative"
"22",22,"Adrian Lyne",0.608,"Mickey Rourke",3.011,17000000,"Male",45,"Drama",6734844,"9Ω Weeks","R",2,117,5.9,"Male",34,31798,1986,-10265156,"negative"
"383",383,"Kevin Reynolds",0.98,"Kevin Costner",3.803,175000000,"Male",43,"Action",88246220,"Waterworld","PG-13",7,135,6.1,"Male",40,153742,1995,-86753780,"negative"
"556",556,"John Lasseter",2.561,"Owen Wilson",3.803,200000000,"Male",54,"Animation",191452396,"Cars 2","G",6,106,6.2,"Male",43,116477,2011,-8547604,"negative"
"342",342,"Woody Allen",3.982,"Jesse Eisenberg",1.912,30000000,"Male",81,"Comedy",11103205,"CafÈ Society","PG-13",8,96,6.7,"Male",33,50826,2016,-18896795,"negative"
"332",332,"Woody Allen",3.982,"Woody Allen",3.982,13500000,"Male",58,"Comedy",11285588,"Manhattan Murder Mystery","PG",8,104,7.4,"Male",58,30925,1993,-2214412,"negative"
"640",640,"Jon Avnet",0.6,"Robert De Niro",4.029,60000000,"Male",59,"Action",40081410,"Righteous Kill","R",9,101,6,"Male",65,76498,2008,-19918590,"negative"
"601",601,"Dennis Dugan",1.4,"Adam Sandler",5.146,79000000,"Male",65,"Comedy",74158157,"Jack and Jill","PG",11,91,3.4,"Male",45,65046,2011,-4841843,"negative"
"304",304,"Rob Reiner",2.379,"Michael Douglas",2.676,18000000,"Male",67,"Comedy",15155772,"And So It Goes","PG-13",7,94,5.8,"Male",70,10327,2014,-2844228,"negative"
"397",397,"Lasse Hallstrom",1.38,"Richard Dreyfuss",1.471,16000000,"Male",45,"Comedy",14851083,"Once Around","R",2,115,6.5,"Male",44,3594,1991,-1148917,"negative"
"959",959,"Craig Gillespie",0.6,"Ryan Gosling",4.9,12000000,"Male",40,"Comedy",5972884,"Lars and the Real Girl","PG-13",11,106,7.4,"Male",27,122310,2007,-6027116,"negative"
"143",143,"Steven Spielberg",8.506,"Christian Bale",7.309,35000000,"Male",41,"Drama",22238696,"Empire of the Sun","PG",12,153,7.8,"Male",13,96566,1987,-12761304,"negative"
"163",163,"Barry Levinson",2.402,"Dustin Hoffman",4.467,80000000,"Male",56,"Drama",37020277,"Sphere","PG-13",2,134,6,"Male",61,87413,1998,-42979723,"negative"
"415",415,"Michael Mann",2.101,"Chris Hemsworth",15.202,70000000,"Male",72,"Crime",7097125,"Blackhat","R",1,133,5.4,"Male",32,44249,2015,-62902875,"negative"
"258",258,"John Sayles",0.652,"John Cusack",4.219,6000000,"Male",38,"Drama",5680515,"Eight Men Out","PG",9,119,7.3,"Male",22,15946,1988,-319485,"negative"
"717",717,"Betty Thomas",0.652,"Eddie Murphy",4.385,70000000,"Female",55,"Action",33105600,"I Spy","PG-13",11,97,5.4,"Male",41,43883,2002,-36894400,"negative"
"673",673,"Jay Roach",0.6,"Will Ferrell",3.363,95000000,"Male",55,"Comedy",86907746,"The Campaign","R",8,85,6.1,"Male",45,112145,2012,-8092254,"negative"
"60",60,"James Foley",1.4,"Al Pacino",3.217,12500000,"Male",19,"Crime",10725228,"Glengarry Glen Ross","R",10,100,7.8,"Male",52,82352,1992,-1774772,"negative"
"484",484,"Stephen Sommers",0.615,"Hugh Jackman",9.075,160000000,"Male",42,"Action",120177084,"Van Helsing","PG-13",5,131,6,"Male",36,211483,2004,-39822916,"negative"
"817",817,"Marc Forster",1.49,"Ewan McGregor",6.014,50000000,"Male",36,"Drama",3626883,"Stay","R",10,99,6.9,"Male",34,65389,2005,-46373117,"negative"
"974",974,"David Gordon Green",1.195,"Sandra Bullock",7.401,28000000,"Male",40,"Comedy",6998324,"Our Brand Is Crisis","R",10,107,6.1,"Female",51,16204,2015,-21001676,"negative"
"938",938,"Anne Fletcher",1.4,"Reese Witherspoon",3.141,35000000,"Female",49,"Action",34507079,"Hot Pursuit","PG-13",5,87,5.1,"Female",39,40431,2015,-492921,"negative"
"244",244,"Andrew Davis",1.38,"Gene Hackman",2.421,18000000,"Male",43,"Action",10647219,"The Package","R",8,108,6.4,"Male",59,6979,1989,-7352781,"negative"
"276",276,"Stephen Herek",1.932,"Eddie Murphy",4.385,60000000,"Male",40,"Comedy",12065985,"Holy Man","PG",10,114,4.9,"Male",37,17120,1998,-47934015,"negative"
"94",94,"Harold Ramis",0.84,"Jack Black",4.644,60000000,"Male",65,"Adventure",43337279,"Year One","PG-13",6,97,4.9,"Male",40,80204,2009,-16662721,"negative"
"294",294,"Robert Zemeckis",2.514,"Joseph Gordon-Levitt",4.704,35000000,"Male",63,"Adventure",10137502,"The Walk","PG",10,123,7.3,"Male",34,97203,2015,-24862498,"negative"
"736",736,"Sam Mendes",1.558,"Jake Gyllenhaal",4.099,72000000,"Male",40,"Action",62658220,"Jarhead","R",11,125,7,"Male",25,152251,2005,-9341780,"negative"
"592",592,"Wes Craven",1.4,"Eddie Murphy",4.385,20000000,"Male",56,"Comedy",19751736,"Vampire in Brooklyn","R",10,100,4.5,"Male",34,18359,1995,-248264,"negative"
"110",110,"Brian De Palma",1.829,"Michael J. Fox",3.775,22500000,"Male",49,"Crime",18671317,"Casualties of War","R",8,113,7.1,"Male",28,35439,1989,-3828683,"negative"
"879",879,"Mark Waters",1.38,"Billy Bob Thornton",3.726,26000000,"Male",52,"Comedy",17664973,"Bad Santa 2","R",11,92,5.5,"Male",61,13114,2016,-8335027,"negative"
"475",475,"Barry Sonnenfeld",1.307,"Will Smith",5.117,170000000,"Male",46,"Action",113805681,"Wild Wild West","PG-13",6,106,4.8,"Male",31,136482,1999,-56194319,"negative"
"681",681,"Kevin Smith",1.4,"Ben Affleck",8.654,35000000,"Male",34,"Comedy",25266129,"Jersey Girl","PG-13",3,102,6.2,"Male",32,57178,2004,-9733871,"negative"
"413",413,"Michael Mann",2.101,"Russell Crowe",6.746,68000000,"Male",56,"Biography",28965197,"The Insider","R",11,157,7.9,"Male",35,141001,1999,-39034803,"negative"
"468",468,"Dominic Sena",0.6,"John Travolta",7.648,102000000,"Male",52,"Action",69772969,"Swordfish","R",6,99,6.5,"Male",47,161863,2001,-32227031,"negative"
"215",215,"Tim Burton",2.186,"Ewan McGregor",6.014,70000000,"Male",45,"Adventure",66257002,"Big Fish","PG-13",1,125,8,"Male",32,369336,2003,-3742998,"negative"
"40",40,"Clint Eastwood",8.802,"Morgan Freeman",15.204,60000000,"Male",79,"Biography",37491364,"Invictus","PG-13",12,134,7.4,"Male",72,132427,2009,-22508636,"negative"
"182",182,"Ridley Scott",3.847,"Nicolas Cage",10.962,62000000,"Male",66,"Comedy",36906460,"Matchstick Men","PG-13",9,116,7.3,"Male",39,111886,2003,-25093540,"negative"
"366",366,"Chris Columbus",1.646,"Adam Sandler",5.146,88000000,"Male",57,"Action",78747585,"Pixels","PG-13",7,105,5.6,"Male",49,106004,2015,-9252415,"negative"
"514",514,"Joel Schumacher",1.4,"Nicolas Cage",10.962,35000000,"Male",72,"Crime",16816,"Trespass","R",5,91,5.3,"Male",47,36771,2011,-34983184,"negative"
"976",976,"Scott Derrickson",0.6,"Keanu Reeves",11.809,80000000,"Male",42,"Drama",79366978,"The Day the Earth Stood Still","PG-13",12,104,5.5,"Male",44,146633,2008,-633022,"negative"
"426",426,"David Fincher",3.681,"Brad Pitt",7.525,150000000,"Male",46,"Drama",127509326,"The Curious Case of Benjamin Button","PG-13",12,166,7.8,"Male",45,495968,2008,-22490674,"negative"
"433",433,"Phillip Noyce",1.22,"Denzel Washington",6.518,73000000,"Male",49,"Crime",66518655,"The Bone Collector","R",11,118,6.7,"Male",45,129642,1999,-6481345,"negative"
"198",198,"Walter Hill",1.757,"Jeff Bridges",4.564,30000000,"Male",53,"Action",2167808,"Wild Bill","R",12,98,5.9,"Male",46,5307,1995,-27832192,"negative"
"292",292,"Robert Zemeckis",2.514,"Jodie Foster",4.247,90000000,"Male",45,"Drama",100920329,"Contact","PG",7,150,7.4,"Female",35,217655,1997,10920329,"average"
"405",405,"Quentin Tarantino",8.831,"Brad Pitt",7.525,75000000,"Male",46,"Adventure",120540719,"Inglourious Basterds","R",8,153,8.3,"Male",46,988686,2009,45540719,"average"
"577",577,"Michael Bay",2.758,"Shia LaBeouf",3.534,150000000,"Male",42,"Action",319071806,"Transformers","PG-13",7,144,7.1,"Male",21,541000,2007,169071806,"average"
"893",893,"Ethan Coen",1.893,"Tom Hanks",10.221,35000000,"Male",47,"Comedy",39799191,"The Ladykillers","R",3,104,6.2,"Male",48,88680,2004,4799191,"average"
"216",216,"Tim Burton",2.186,"Amy Adams",9.367,10000000,"Male",56,"Biography",14479776,"Big Eyes","PG-13",12,106,7,"Female",40,66972,2014,4479776,"average"
"877",877,"Mark Waters",1.38,"Jim Carrey",6.861,55000000,"Male",47,"Comedy",68224452,"Mr. Popper's Penguins","PG",6,100,6,"Male",49,73019,2011,13224452,"average"
"914",914,"Robert Schwentke",1.547,"Bruce Willis",9.536,58000000,"Male",42,"Action",90380162,"RED","PG-13",10,111,7.1,"Male",55,254554,2010,32380162,"average"
"652",652,"Simon West",0.766,"Angelina Jolie",10.766,115000000,"Male",40,"Action",131144183,"Lara Croft: Tomb Raider","PG-13",6,100,5.8,"Female",26,167892,2001,16144183,"average"
"611",611,"Bobby Farrelly",0.98,"Jim Carrey",6.861,51000000,"Male",42,"Comedy",90570999,"Me, Myself & Irene","R",6,116,6.6,"Male",38,196521,2000,39570999,"average"
"69",69,"Mike Nichols",1.4,"Natalie Portman",9.525,27000000,"Male",73,"Drama",33987757,"Closer","R",12,104,7.3,"Female",23,177735,2004,6987757,"average"
"972",972,"Nicholas Stoller",1.4,"Seth Rogen",3.773,35000000,"Male",40,"Comedy",55291815,"Neighbors 2: Sorority Rising","R",5,92,5.7,"Male",34,83340,2016,20291815,"average"
"187",187,"Ridley Scott",3.847,"Anthony Hopkins",4.483,87000000,"Male",64,"Crime",165092268,"Hannibal","R",2,131,6.8,"Male",64,221016,2001,78092268,"average"
"678",678,"Kevin Smith",1.4,"Bruce Willis",9.536,37000000,"Male",40,"Action",44875481,"Cop Out","R",2,107,5.6,"Male",55,78157,2010,7875481,"average"
"983",983,"Malcolm D. Lee",0.6,"Martin Lawrence",3.661,35000000,"Male",38,"Comedy",42436517,"Welcome Home, Roscoe Jenkins","PG-13",2,100,5.4,"Male",43,11439,2008,7436517,"average"
"751",751,"Raja Gosnell",1.4,"Dennis Quaid",3.682,45000000,"Male",47,"Comedy",53412862,"Yours, Mine & Ours","PG",11,88,5.4,"Male",51,23229,2005,8412862,"average"
"511",511,"Donald Petrie",1.4,"Kate Hudson",1.959,50000000,"Male",49,"Comedy",105813373,"How to Lose a Guy in 10 Days","PG-13",2,116,6.4,"Female",24,172078,2003,55813373,"average"
"699",699,"Brett Ratner",2.573,"Jackie Chan",13.413,140000000,"Male",38,"Action",140125968,"Rush Hour 3","PG-13",8,91,6.2,"Male",53,130138,2007,125968,"average"
"923",923,"David Ayer",1.4,"Brad Pitt",7.525,68000000,"Male",46,"Action",85817906,"Fury","R",10,134,7.6,"Male",51,341512,2014,17817906,"average"
"389",389,"Frank Oz",2.474,"Kevin Kline",1.562,35000000,"Male",53,"Comedy",63856929,"In & Out","PG-13",9,90,6.3,"Male",50,33955,1997,28856929,"average"
"747",747,"M. Night Shyamalan",4.074,"Mark Wahlberg",5.681,48000000,"Male",38,"Comedy",64506874,"The Happening","R",6,91,5,"Male",37,173949,2008,16506874,"average"
"873",873,"Neil LaBute",1.812,"Samuel L. Jackson",14.549,22000000,"Male",45,"Crime",39263506,"Lakeview Terrace","PG-13",9,110,6.1,"Male",60,42915,2008,17263506,"average"
"958",958,"Craig Gillespie",0.6,"Billy Bob Thornton",3.726,22000000,"Male",40,"Comedy",25628629,"Mr. Woodcock","PG-13",9,100,5.2,"Male",52,32229,2007,3628629,"average"
"607",607,"Cameron Crowe",1.421,"Matt Damon",6.594,50000000,"Male",54,"Comedy",75624550,"We Bought a Zoo","PG",12,124,7.1,"Male",41,118916,2011,25624550,"average"
"134",134,"Oliver Stone",1.96,"Al Pacino",3.217,55000000,"Male",53,"Drama",75530832,"Any Given Sunday","R",12,162,6.8,"Male",59,101796,1999,20530832,"average"
"265",265,"Spike Lee",3.177,"Denzel Washington",6.518,33000000,"Male",35,"Biography",48169908,"Malcolm X","PG-13",11,202,7.7,"Male",38,69074,1992,15169908,"average"
"924",924,"David Ayer",1.4,"Will Smith",5.117,175000000,"Male",48,"Action",325100054,"Suicide Squad","PG-13",8,123,6.2,"Male",48,435667,2016,150100054,"average"
"12",12,"Tony Scott",1.964,"Will Smith",5.117,90000000,"Male",54,"Action",111549836,"Enemy of the State","R",11,132,7.3,"Male",30,199848,1998,21549836,"average"
"386",386,"Frank Oz",2.474,"Bill Murray",2.979,35000000,"Male",47,"Comedy",63710000,"What About Bob?","PG",5,99,7,"Male",41,53791,1991,28710000,"average"
"801",801,"Antoine Fuqua",2.685,"Denzel Washington",6.518,55000000,"Male",48,"Action",101530738,"The Equalizer","R",9,132,7.2,"Male",60,254915,2014,46530738,"average"
"353",353,"Martin Scorsese",3.121,"Leonardo DiCaprio",15.648,80000000,"Male",68,"Mystery",128012934,"Shutter Island","R",2,138,8.1,"Male",36,883895,2010,48012934,"average"
"463",463,"John Woo",2.074,"John Travolta",7.648,80000000,"Male",51,"Action",112225777,"Face/Off","R",6,138,7.3,"Male",43,302052,1997,32225777,"average"
"567",567,"Richard Linklater",1.96,"Billy Bob Thornton",3.726,30000000,"Male",45,"Comedy",32868349,"Bad News Bears","PG-13",7,113,5.8,"Male",50,18270,2005,2868349,"average"
"482",482,"Stephen Sommers",0.615,"Brendan Fraser",7.223,80000000,"Male",37,"Action",155247825,"The Mummy","PG-13",5,124,7,"Male",31,340714,1999,75247825,"average"
"185",185,"Ridley Scott",3.847,"Denzel Washington",6.518,100000000,"Male",70,"Biography",130164645,"American Gangster","R",11,157,7.8,"Male",53,342994,2007,30164645,"average"
"760",760,"David Koepp",0.766,"Kevin Bacon",5.429,12000000,"Male",36,"Horror",21133087,"Stir of Echoes","R",9,99,7,"Male",41,65477,1999,9133087,"average"
"600",600,"Dennis Dugan",1.4,"Adam Sandler",5.146,80000000,"Male",65,"Comedy",103028109,"Just Go with It","PG-13",2,117,6.4,"Male",45,185840,2011,23028109,"average"
"724",724,"Peter Berg",1.494,"Will Smith",5.117,150000000,"Male",44,"Action",227946274,"Hancock","PG-13",7,92,6.4,"Male",40,375055,2008,77946274,"average"
"116",116,"John McTiernan",1.658,"Bruce Willis",9.536,90000000,"Male",44,"Action",100012499,"Die Hard with a Vengeance","R",5,128,7.6,"Male",40,317792,1995,10012499,"average"
"966",966,"James Wan",7.845,"Vin Diesel",8.511,190000000,"Male",38,"Action",353007020,"Furious 7","PG-13",4,137,7.2,"Male",48,309837,2015,163007020,"average"
"394",394,"Wolfgang Petersen",1.4,"Harrison Ford",6.877,85000000,"Male",56,"Action",172956409,"Air Force One","R",7,124,6.5,"Male",55,155674,1997,87956409,"average"
"741",741,"Paul Weitz",1.024,"Ben Stiller",5.618,100000000,"Male",45,"Comedy",148383780,"Little Fockers","PG-13",12,98,5.5,"Male",45,91634,2010,48383780,"average"
"578",578,"Michael Bay",2.758,"Shia LaBeouf",3.534,200000000,"Male",44,"Action",402111870,"Transformers: Revenge of the Fallen","PG-13",6,150,6,"Male",23,343549,2009,202111870,"average"
"703",703,"Randall Miller",0.6,"Marlon Wayans",2.648,11000000,"Male",35,"Comedy",14708874,"The Sixth Man","PG-13",3,107,5.6,"Male",25,4735,1997,3708874,"average"
"518",518,"Joel Schumacher",1.4,"Jim Carrey",6.861,32000000,"Male",68,"Mystery",35193167,"The Number 23","R",2,101,6.4,"Male",45,174137,2007,3193167,"average"
"494",494,"Tom Shadyac",2.309,"Robin Williams",4.824,90000000,"Male",40,"Biography",135026902,"Patch Adams","PG-13",12,115,6.7,"Male",47,86765,1998,45026902,"average"
"701",701,"Paul Schrader",1.566,"Nick Nolte",2.078,6000000,"Male",51,"Drama",6302154,"Affliction","R",2,114,7,"Male",56,12633,1997,302154,"average"
"20",20,"John Carpenter",3.253,"James Woods",3.052,20000000,"Male",50,"Action",20241395,"Vampires","R",10,108,6.1,"Male",51,45366,1998,241395,"average"
"440",440,"Roland Emmerich",2.827,"Dennis Quaid",3.682,125000000,"Male",49,"Action",186740799,"The Day After Tomorrow","PG-13",5,124,6.4,"Male",50,356977,2004,61740799,"average"
"634",634,"David Twohy",1.61,"Vin Diesel",8.511,38000000,"Male",58,"Action",42025135,"Riddick","R",9,119,6.4,"Male",46,134609,2013,4025135,"average"
"598",598,"Dennis Dugan",1.4,"Adam Sandler",5.146,90000000,"Male",62,"Action",100018837,"You Don't Mess with the Zohan","PG-13",6,113,5.5,"Male",42,166095,2008,10018837,"average"
"437",437,"Roland Emmerich",2.827,"Matthew Broderick",3.35,130000000,"Male",43,"Action",136314294,"Godzilla","PG-13",5,139,5.3,"Male",36,160038,1998,6314294,"average"
"926",926,"Zack Snyder",3.666,"Ben Affleck",8.654,250000000,"Male",50,"Action",330360194,"Batman v Superman: Dawn of Justice","PG-13",3,151,6.6,"Male",44,497351,2016,80360194,"average"
"407",407,"Quentin Tarantino",8.831,"Samuel L. Jackson",14.549,44000000,"Male",52,"Crime",54117416,"The Hateful Eight","R",12,167,7.8,"Male",67,360020,2015,10117416,"average"
"229",229,"David Zucker",1.567,"Ashton Kutcher",1.744,14000000,"Male",56,"Comedy",15550605,"My Boss's Daughter","PG-13",8,86,4.7,"Male",25,25363,2003,1550605,"average"
"66",66,"Mike Nichols",1.4,"Matthew Broderick",3.35,20000000,"Male",57,"Comedy",43184798,"Biloxi Blues","PG-13",3,106,6.6,"Male",26,12590,1988,23184798,"average"
"96",96,"Ivan Reitman",1.4,"Robert Redford",5.138,40000000,"Male",40,"Comedy",49851591,"Legal Eagles","PG",6,116,5.9,"Male",50,8374,1986,9851591,"average"
"984",984,"Brad Bird",2.234,"Tom Cruise",9.076,145000000,"Male",54,"Action",209397903,"Mission: Impossible - Ghost Protocol","PG-13",12,132,7.4,"Male",49,388730,2011,64397903,"average"
"461",461,"John Woo",2.074,"Jean-Claude Van Damme",3.473,18000000,"Male",47,"Action",32589677,"Hard Target","R",8,97,6.1,"Male",33,37456,1993,14589677,"average"
"570",570,"Michael Bay",2.758,"Bruce Willis",9.536,140000000,"Male",33,"Action",201573391,"Armageddon","PG-13",7,151,6.6,"Male",43,344203,1998,61573391,"average"
"376",376,"Sam Raimi",1.799,"Tobey Maguire",3.809,200000000,"Male",45,"Action",373585825,"Spider-Man 2","PG-13",6,127,7.3,"Male",29,451467,2004,173585825,"average"
"768",768,"Keenen Ivory Wayans",1.025,"Anna Faris",3.664,45000000,"Male",43,"Comedy",71308997,"Scary Movie 2","R",7,83,5.3,"Female",25,127881,2001,26308997,"average"
"262",262,"Francis Ford Coppola",4.051,"Matt Damon",6.594,40000000,"Male",58,"Crime",45856732,"The Rainmaker","PG-13",11,135,7.1,"Male",27,50025,1997,5856732,"average"
"408",408,"Michael Mann",2.101,"Tom Cruise",9.076,65000000,"Male",61,"Crime",101005703,"Collateral","R",8,115,7.6,"Male",42,312190,2004,36005703,"average"
"300",300,"Edward Zwick",1.4,"Jake Gyllenhaal",4.099,30000000,"Male",58,"Comedy",32367005,"Love & Other Drugs","R",11,112,6.7,"Male",30,154701,2010,2367005,"average"
"554",554,"John Lasseter",2.561,"Kevin Spacey",4.314,120000000,"Male",41,"Animation",162798565,"A Bug's Life","G",11,95,7.2,"Male",39,226736,1998,42798565,"average"
"231",231,"Howard Deutch",0.6,"Dan Aykroyd",4.209,24000000,"Male",38,"Comedy",41455230,"The Great Outdoors","PG",6,91,6.6,"Male",36,31340,1988,17455230,"average"
"419",419,"Jonathan Lynn",1.634,"Cuba Gooding Jr.",2.151,15000000,"Male",60,"Comedy",30238577,"The Fighting Temptations","PG-13",9,123,5.5,"Male",35,6052,2003,15238577,"average"
"618",618,"Bobby Farrelly",0.98,"Jack Black",4.644,40000000,"Male",43,"Comedy",70836296,"Shallow Hal","PG-13",11,114,5.9,"Male",32,114670,2001,30836296,"average"
"74",74,"Ron Howard",2.996,"Tom Hanks",10.221,125000000,"Male",52,"Mystery",217536138,"The Da Vinci Code","PG-13",5,149,6.6,"Male",50,345008,2006,92536138,"average"
"716",716,"Betty Thomas",0.652,"Eddie Murphy",4.385,71500000,"Female",51,"Comedy",144156605,"Doctor Dolittle","PG-13",6,85,5.3,"Male",37,79986,1998,72656605,"average"
"297",297,"Edward Zwick",1.4,"Denzel Washington",6.518,46000000,"Male",44,"Action",59031057,"Courage Under Fire","R",7,116,6.6,"Male",42,43118,1996,13031057,"average"
"684",684,"James Mangold",1.238,"John Cusack",4.219,30000000,"Male",40,"Mystery",52159536,"Identity","R",4,90,7.3,"Male",37,192146,2003,22159536,"average"
"303",303,"Rob Reiner",2.379,"Michael Douglas",2.676,62000000,"Male",48,"Comedy",65000000,"The American President","PG-13",11,114,6.8,"Male",51,45293,1995,3000000,"average"
"836",836,"John Whitesell",1.054,"Martin Lawrence",3.661,32000000,"Male",46,"Action",37915414,"Big Mommas: Like Father, Like Son","PG-13",2,107,4.4,"Male",46,21446,2011,5915414,"average"
"844",844,"Christopher Nolan",6.263,"Christian Bale",7.309,150000000,"Male",35,"Action",206852432,"Batman Begins","PG-13",6,152,8.3,"Male",31,1075968,2005,56852432,"average"
"715",715,"Andy Tennant",1.269,"Jennifer Aniston",5.314,40000000,"Male",55,"Action",67061228,"The Bounty Hunter","PG-13",3,110,5.5,"Female",41,103868,2010,27061228,"average"
"693",693,"Brett Ratner",2.573,"Eddie Murphy",4.385,75000000,"Male",42,"Action",78046570,"Tower Heist","PG-13",11,104,6.2,"Male",50,116459,2011,3046570,"average"
"350",350,"Martin Scorsese",3.121,"Daniel Day-Lewis",3.704,30000000,"Male",51,"Drama",32200000,"The Age of Innocence","PG",10,139,7.2,"Male",36,39143,1993,2200000,"average"
"602",602,"Dennis Dugan",1.4,"Adam Sandler",5.146,80000000,"Male",67,"Comedy",133668525,"Grown Ups 2","PG-13",7,101,5.4,"Male",47,117428,2013,53668525,"average"
"759",759,"David Koepp",0.766,"Johnny Depp",12.506,40000000,"Male",41,"Mystery",48022900,"Secret Window","PG-13",3,96,6.6,"Male",41,157858,2004,8022900,"average"
"374",374,"Sam Raimi",1.799,"Liam Neeson",8.266,16000000,"Male",31,"Action",33878502,"Darkman","R",8,96,6.4,"Male",38,50571,1990,17878502,"average"
"899",899,"Todd Phillips",1.425,"Robert Downey Jr.",12.411,65000000,"Male",40,"Comedy",100539043,"Due Date","R",11,95,6.6,"Male",45,287021,2010,35539043,"average"
"784",784,"George Tillman Jr.",1.537,"Cuba Gooding Jr.",2.151,32000000,"Male",31,"Biography",48818921,"Men of Honor","R",11,129,7.2,"Male",32,94931,2000,16818921,"average"
"969",969,"Ken Kwapis",1.4,"Mandy Moore",4.274,35000000,"Male",50,"Comedy",43799818,"License to Wed","PG-13",7,91,5.3,"Female",23,33769,2007,8799818,"average"
"579",579,"Michael Bay",2.758,"Shia LaBeouf",3.534,195000000,"Male",46,"Action",352390543,"Transformers: Dark of the Moon","PG-13",6,154,6.3,"Male",25,345669,2011,157390543,"average"
"167",167,"Barry Levinson",2.402,"Warren Beatty",1.667,30000000,"Male",49,"Biography",49114016,"Bugsy","R",12,136,6.8,"Male",54,22209,1991,19114016,"average"
"557",557,"F. Gary Gray",1.663,"John Travolta",7.648,53000000,"Male",36,"Comedy",56046979,"Be Cool","PG-13",3,118,5.7,"Male",51,61786,2005,3046979,"average"
"102",102,"Ivan Reitman",1.4,"Harrison Ford",6.877,70000000,"Male",52,"Action",74329966,"Six Days Seven Nights","PG-13",6,98,5.8,"Male",56,64070,1998,4329966,"average"
"207",207,"Tim Burton",2.186,"Johnny Depp",12.506,100000000,"Male",41,"Fantasy",101071502,"Sleepy Hollow","R",11,105,7.4,"Male",36,284929,1999,1071502,"average"
"125",125,"Richard Donner",1.96,"Mel Gibson",6.015,75000000,"Male",67,"Action",75982834,"Conspiracy Theory","R",8,135,6.7,"Male",41,81477,1997,982834,"average"
"195",195,"Walter Hill",1.757,"Arnold Schwarzenegger",8.524,29000000,"Male",46,"Action",34994648,"Red Heat","R",6,104,6,"Male",41,53769,1988,5994648,"average"
"41",41,"Clint Eastwood",8.802,"Leonardo DiCaprio",15.648,35000000,"Male",81,"Biography",37306030,"J. Edgar","R",11,137,6.6,"Male",37,108929,2011,2306030,"average"
"507",507,"Kenneth Branagh",2.842,"Chris Hemsworth",15.202,150000000,"Male",51,"Action",181030624,"Thor","PG-13",5,115,7,"Male",28,585830,2011,31030624,"average"
"651",651,"Simon West",0.766,"John Travolta",7.648,95000000,"Male",38,"Crime",102705852,"The General's Daughter","R",6,116,6.3,"Male",45,45376,1999,7705852,"average"
"982",982,"George Clooney",4.419,"George Clooney",4.419,70000000,"Male",53,"Drama",78031620,"The Monuments Men","PG-13",2,118,6.1,"Male",53,109977,2014,8031620,"average"
"583",583,"Robert Rodriguez",4.038,"Antonio Banderas",3.216,29000000,"Male",35,"Action",56359780,"Once Upon a Time in Mexico","R",9,102,6.4,"Male",43,137276,2003,27359780,"average"
"371",371,"Renny Harlin",1.4,"Thomas Jane",1.749,60000000,"Male",40,"Action",73648142,"Deep Blue Sea","R",7,105,5.8,"Male",30,105864,1999,13648142,"average"
"322",322,"Steven Soderbergh",2.46,"Julia Roberts",7.443,2000000,"Male",39,"Comedy",2506446,"Full Frontal","R",8,101,4.8,"Female",35,8888,2002,506446,"average"
"585",585,"Gus Van Sant",2.736,"Sean Penn",2.196,20000000,"Male",56,"Biography",31841299,"Milk","R",1,128,7.6,"Male",48,145398,2008,11841299,"average"
"835",835,"John Whitesell",1.054,"Martin Lawrence",3.661,40000000,"Male",41,"Comedy",70165972,"Big Momma's House 2","PG-13",1,99,4.6,"Male",41,34616,2006,30165972,"average"
"501",501,"Ben Stiller",5.618,"Winona Ryder",3.974,11500000,"Male",29,"Comedy",20982557,"Reality Bites","PG-13",2,99,6.6,"Female",23,38652,1994,9482557,"average"
"267",267,"Spike Lee",3.177,"Denzel Washington",6.518,45000000,"Male",49,"Crime",88513495,"Inside Man","R",3,129,7.6,"Male",52,290361,2006,43513495,"average"
"209",209,"Tim Burton",2.186,"Johnny Depp",12.506,40000000,"Male",47,"Animation",53359111,"Corpse Bride","PG",9,77,7.4,"Male",42,205383,2005,13359111,"average"
"787",787,"Steve Carr",0.98,"Eddie Murphy",4.385,60000000,"Male",41,"Comedy",104297061,"Daddy Day Care","PG",5,92,5.5,"Male",42,53301,2003,44297061,"average"
"478",478,"Barry Sonnenfeld",1.307,"Tommy Lee Jones",5.393,140000000,"Male",49,"Action",190418803,"Men in Black II","PG-13",7,88,6.1,"Male",56,284356,2002,50418803,"average"
"165",165,"Barry Levinson",2.402,"Robert De Niro",4.029,44000000,"Male",54,"Crime",49100000,"Sleepers","R",10,147,7.6,"Male",53,163662,1996,5100000,"average"
"763",763,"Wayne Wang",1.38,"Jennifer Lopez",4.977,55000000,"Male",53,"Comedy",94011225,"Maid in Manhattan","PG-13",12,105,5.1,"Female",33,72953,2002,39011225,"average"
"740",740,"Paul Weitz",1.024,"Dennis Quaid",3.682,26000000,"Male",39,"Comedy",45489752,"In Good Company","PG-13",1,100,6.5,"Male",50,50314,2004,19489752,"average"
"643",643,"David O. Russell",1.071,"Ben Stiller",5.618,7000000,"Male",38,"Comedy",14891000,"Flirting with Disaster","R",4,92,6.8,"Male",31,15795,1996,7891000,"average"
"438",438,"Roland Emmerich",2.827,"Jean-Claude Van Damme",3.473,23000000,"Male",37,"Action",36299898,"Universal Soldier","R",7,102,6,"Male",32,72711,1992,13299898,"average"
"799",799,"Antoine Fuqua",2.685,"Richard Gere",3.882,17000000,"Male",43,"Crime",27154426,"Brooklyn's Finest","R",3,132,6.7,"Male",60,55183,2009,10154426,"average"
"532",532,"Peter Segal",0.6,"Adam Sandler",5.146,75000000,"Male",42,"Comedy",120908074,"50 First Dates","PG-13",2,99,6.8,"Male",38,283647,2004,45908074,"average"
"826",826,"Gore Verbinski",1.696,"Brad Pitt",7.525,57000000,"Male",37,"Adventure",66808615,"The Mexican","R",3,123,6.1,"Male",38,91818,2001,9808615,"average"
"318",318,"Steven Soderbergh",2.46,"George Clooney",4.419,110000000,"Male",41,"Crime",125544280,"Ocean's Twelve","PG-13",12,125,6.5,"Male",43,305800,2004,15544280,"average"
"118",118,"John McTiernan",1.658,"Sean Connery",7.225,40000000,"Male",41,"Adventure",45500797,"Medicine Man","PG-13",2,106,6,"Male",62,18461,1992,5500797,"average"
"7",7,"Tony Scott",1.964,"Denzel Washington",6.518,70000000,"Male",60,"Action",77911774,"Man on Fire","R",4,146,7.7,"Male",50,285049,2004,7911774,"average"
"942",942,"J.J. Abrams",2.623,"Chris Pine",7.205,150000000,"Male",43,"Action",257730019,"Star Trek","PG-13",5,127,8,"Male",29,532987,2009,107730019,"average"
"802",802,"Antoine Fuqua",2.685,"Denzel Washington",6.518,90000000,"Male",50,"Action",93381044,"The Magnificent Seven","PG-13",9,132,6.9,"Male",62,138262,2016,3381044,"average"
"738",738,"Lana Wachowski",2.431,"Keanu Reeves",11.809,150000000,"Female",38,"Action",281492479,"The Matrix Reloaded","R",5,138,7.2,"Male",39,446954,2003,131492479,"average"
"450",450,"Jon Turteltaub",2.175,"Nicolas Cage",10.962,100000000,"Male",41,"Action",173008894,"National Treasure","PG",11,131,6.9,"Male",40,268591,2004,73008894,"average"
"657",657,"Paul Thomas Anderson",1.761,"Mark Wahlberg",5.681,15000000,"Male",27,"Drama",26400640,"Boogie Nights","R",10,155,7.9,"Male",26,201945,1997,11400640,"average"
"367",367,"Chris Columbus",1.646,"Julia Roberts",7.443,50000000,"Male",40,"Comedy",91137662,"Stepmom","PG-13",12,124,6.7,"Female",31,50401,1998,41137662,"average"
"354",354,"Martin Scorsese",3.121,"Leonardo DiCaprio",15.648,100000000,"Male",71,"Biography",116900694,"The Wolf of Wall Street","R",12,180,8.2,"Male",39,895552,2013,16900694,"average"
"132",132,"Oliver Stone",1.96,"Nicolas Cage",10.962,63000000,"Male",60,"Drama",70278893,"World Trade Center","PG-13",8,129,6,"Male",42,70654,2006,7278893,"average"
"867",867,"D.J. Caruso",1.566,"Matthew McConaughey",8.794,20000000,"Male",40,"Drama",22862049,"Two for the Money","R",10,122,6.2,"Male",36,38668,2005,2862049,"average"
"786",786,"Steve Carr",0.98,"Eddie Murphy",4.385,70000000,"Male",39,"Comedy",112952899,"Dr. Dolittle 2","PG",6,87,4.7,"Male",40,36199,2001,42952899,"average"
"368",368,"Renny Harlin",1.4,"Bruce Willis",9.536,70000000,"Male",31,"Action",117540947,"Die Hard 2","R",7,124,7.1,"Male",35,288815,1990,47540947,"average"
"144",144,"Steven Spielberg",8.506,"Richard Dreyfuss",1.471,31000000,"Male",43,"Fantasy",43858790,"Always","PG",12,122,6.4,"Male",42,23834,1989,12858790,"average"
"157",157,"Barry Levinson",2.402,"Robin Williams",4.824,20000000,"Male",64,"Comedy",37442180,"Man of the Year","PG-13",10,115,6.2,"Male",55,29068,2006,17442180,"average"
"823",823,"Gore Verbinski",1.696,"Johnny Depp",12.506,300000000,"Male",43,"Action",309420425,"Pirates of the Caribbean: At World's End","PG-13",5,169,7.1,"Male",44,514191,2007,9420425,"average"
"913",913,"Francis Lawrence",1.816,"Jennifer Lawrence",7.776,160000000,"Male",44,"Action",281723902,"The Hunger Games: Mockingjay - Part 2","PG-13",11,137,6.6,"Female",25,212989,2015,121723902,"average"
"53",53,"John Landis",1.4,"Steve Martin",2.159,25000000,"Male",36,"Comedy",39246734,"°Three Amigos!","PG",12,104,6.4,"Male",41,57406,1986,14246734,"average"
"855",855,"Shawn Levy",1.286,"Ben Stiller",5.618,150000000,"Male",41,"Adventure",177243721,"Night at the Museum: Battle of the Smithsonian","PG",5,105,5.9,"Male",44,143636,2009,27243721,"average"
"431",431,"Phillip Noyce",1.22,"Harrison Ford",6.877,45000000,"Male",42,"Action",83287363,"Patriot Games","R",6,117,6.9,"Male",50,86479,1992,38287363,"average"
"922",922,"David Ayer",1.4,"Keanu Reeves",11.809,20000000,"Male",40,"Action",26415649,"Street Kings","R",4,109,6.8,"Male",44,98463,2008,6415649,"average"
"970",970,"Nicholas Stoller",1.4,"Kristen Bell",6.249,30000000,"Male",32,"Comedy",63172463,"Forgetting Sarah Marshall","R",4,111,7.2,"Female",28,230079,2008,33172463,"average"
"378",378,"Sam Raimi",1.799,"James Franco",5.914,215000000,"Male",54,"Adventure",234911825,"Oz the Great and Powerful","PG",3,130,6.3,"Male",35,183680,2013,19911825,"average"
"361",361,"Garry Marshall",2.111,"Jennifer Aniston",5.314,25000000,"Male",82,"Comedy",32463917,"Mother's Day","PG-13",4,118,5.6,"Female",47,22504,2016,7463917,"average"
"848",848,"Christopher Nolan",6.263,"Matthew McConaughey",8.794,165000000,"Male",44,"Adventure",188020017,"Interstellar","PG-13",11,169,8.6,"Male",45,1095553,2014,23020017,"average"
"775",775,"Peyton Reed",1.322,"Jim Carrey",6.861,70000000,"Male",44,"Comedy",97690976,"Yes Man","PG-13",12,104,6.8,"Male",46,289261,2008,27690976,"average"
"847",847,"Christopher Nolan",6.263,"Al Pacino",3.217,46000000,"Male",32,"Drama",67355513,"Insomnia","R",5,118,7.2,"Male",62,235773,2002,21355513,"average"
"624",624,"Rob Cohen",1.4,"Vin Diesel",8.511,70000000,"Male",53,"Action",142109382,"xXx","PG-13",8,124,5.8,"Male",35,156008,2002,72109382,"average"
"152",152,"Joel Coen",2.822,"Jeff Bridges",4.564,15000000,"Male",44,"Comedy",17451873,"The Big Lebowski","R",3,117,8.2,"Male",49,592823,1998,2451873,"average"
"828",828,"John Stockwell",3.401,"Kirsten Dunst",5.879,13000000,"Male",40,"Drama",16929123,"Crazy/Beautiful","PG-13",6,99,6.5,"Female",19,22201,2001,3929123,"average"
"453",453,"Jon Turteltaub",2.175,"Bruce Willis",9.536,65000000,"Male",37,"Comedy",69691949,"The Kid","PG",7,104,6.1,"Male",45,36128,2000,4691949,"average"
"793",793,"Brian Robbins",1.009,"Eddie Murphy",4.385,60000000,"Male",44,"Comedy",95673607,"Norbit","PG-13",2,100,4,"Male",46,56668,2007,35673607,"average"
"120",120,"John McTiernan",1.658,"Pierce Brosnan",8.136,48000000,"Male",48,"Crime",69304264,"The Thomas Crown Affair","R",8,113,6.8,"Male",46,76693,1999,21304264,"average"
"459",459,"John Woo",2.074,"Tom Cruise",9.076,125000000,"Male",54,"Action",215409889,"Mission: Impossible II","PG-13",5,123,6.1,"Male",38,260493,2000,90409889,"average"
"963",963,"Andy Fickman",1.4,"Dwayne Johnson",8.3,65000000,"Male",39,"Action",67172594,"Race to Witch Mountain","PG",3,98,5.7,"Male",37,46750,2009,2172594,"average"
"529",529,"Peter Segal",0.6,"Leslie Nielsen",4.655,30000000,"Male",32,"Comedy",51132598,"Naked Gun 33 1/3: The Final Insult","PG-13",3,83,6.5,"Male",68,82374,1994,21132598,"average"
"385",385,"Frank Oz",2.474,"Steve Martin",2.159,55000000,"Male",55,"Comedy",66384775,"Bowfinger","PG-13",8,97,6.4,"Male",54,59541,1999,11384775,"average"
"358",358,"Garry Marshall",2.111,"Julia Roberts",7.443,52000000,"Male",76,"Comedy",110485654,"Valentine's Day","PG-13",2,125,5.7,"Female",43,100570,2010,58485654,"average"
"978",978,"Gavin O'Connor",1.96,"Ben Affleck",8.654,44000000,"Male",52,"Action",86198014,"The Accountant","R",10,128,7.4,"Male",44,188598,2016,42198014,"average"
"280",280,"Stephen Herek",1.932,"Glenn Close",4.141,75000000,"Male",38,"Adventure",136189294,"101 Dalmatians","G",11,103,5.7,"Female",49,81872,1996,61189294,"average"
"309",309,"Rob Reiner",2.379,"Jack Nicholson",3.671,45000000,"Male",60,"Adventure",93466502,"The Bucket List","PG-13",1,97,7.4,"Male",70,198697,2007,48466502,"average"
"876",876,"Neil LaBute",1.812,"Chris Rock",2.064,20000000,"Male",47,"Comedy",42739347,"Death at a Funeral","R",4,92,5.7,"Male",45,38627,2010,22739347,"average"
"320",320,"Steven Soderbergh",2.46,"George Clooney",4.419,85000000,"Male",44,"Crime",117154724,"Ocean's Thirteen","PG-13",6,122,6.9,"Male",46,274708,2007,32154724,"average"
"38",38,"Clint Eastwood",8.802,"Kevin Costner",3.803,30000000,"Male",63,"Crime",31160784,"A Perfect World","PG-13",11,138,7.5,"Male",38,61676,1993,1160784,"average"
"588",588,"Gus Van Sant",2.736,"Nicole Kidman",17.521,20000000,"Male",43,"Comedy",21284514,"To Die For","R",10,106,6.8,"Female",28,36974,1995,1284514,"average"
"915",915,"Robert Schwentke",1.547,"Jodie Foster",4.247,55000000,"Male",37,"Drama",89707299,"Flightplan","PG-13",9,98,6.2,"Female",43,134241,2005,34707299,"average"
"778",778,"Peyton Reed",1.322,"Paul Rudd",4.573,130000000,"Male",51,"Action",180202163,"Ant-Man","PG-13",7,117,7.3,"Male",46,388417,2015,50202163,"average"
"517",517,"Joel Schumacher",1.4,"Susan Sarandon",5.772,45000000,"Male",55,"Crime",92115211,"The Client","PG-13",7,119,6.7,"Female",48,49609,1994,47115211,"average"
"261",261,"Francis Ford Coppola",4.051,"Al Pacino",3.217,54000000,"Male",51,"Crime",66666062,"The Godfather: Part III","R",12,162,7.6,"Male",50,295736,1990,12666062,"average"
"444",444,"Robert Altman",1.798,"Glenn Close",4.141,8500000,"Male",74,"Comedy",10919177,"Cookie's Fortune","PG-13",4,118,6.9,"Female",52,11540,1999,2419177,"average"
"500",500,"Ben Stiller",5.618,"Jim Carrey",6.861,47000000,"Male",31,"Comedy",60240295,"The Cable Guy","PG-13",6,96,6.1,"Male",34,130570,1996,13240295,"average"
"250",250,"Jonathan Demme",1.767,"Meryl Streep",4.004,18000000,"Male",71,"Comedy",26822144,"Ricki and the Flash","PG-13",8,101,6,"Female",66,18428,2015,8822144,"average"
"32",32,"Clint Eastwood",8.802,"Clint Eastwood",8.802,50000000,"Male",67,"Action",50007168,"Absolute Power","R",2,121,6.7,"Male",67,42417,1997,7168,"average"
"194",194,"Walter Hill",1.757,"Eddie Murphy",4.385,38000000,"Male",48,"Action",80818974,"Another 48 Hrs.","R",6,93,5.8,"Male",29,32058,1990,42818974,"average"
"791",791,"James Gray",1.38,"Joaquin Phoenix",3.044,21000000,"Male",38,"Crime",28563179,"We Own the Night","R",10,117,6.9,"Male",33,75706,2007,7563179,"average"
"190",190,"Ridley Scott",3.847,"Russell Crowe",6.746,103000000,"Male",63,"Action",187705427,"Gladiator","R",5,155,8.5,"Male",36,1081122,2000,84705427,"average"
"660",660,"Taylor Hackford",1.151,"Keanu Reeves",11.809,57000000,"Male",53,"Drama",60984028,"The Devil's Advocate","R",10,144,7.5,"Male",33,279086,1997,3984028,"average"
"587",587,"Gus Van Sant",2.736,"Sean Connery",7.225,43000000,"Male",48,"Drama",51804714,"Finding Forrester","PG-13",1,136,7.3,"Male",70,75692,2000,8804714,"average"
"728",728,"David Dobkin",0.6,"Jackie Chan",13.413,50000000,"Male",34,"Action",60476872,"Shanghai Knights","PG-13",2,114,6.2,"Male",49,87352,2003,10476872,"average"
"214",214,"Tim Burton",2.186,"Mark Wahlberg",5.681,100000000,"Male",43,"Action",180011740,"Planet of the Apes","PG-13",7,119,5.7,"Male",30,189575,2001,80011740,"average"
"268",268,"Spike Lee",3.177,"Wesley Snipes",2.605,14000000,"Male",34,"Drama",32482682,"Jungle Fever","R",6,132,6.5,"Male",29,14307,1991,18482682,"high"
"375",375,"Sam Raimi",1.799,"Tobey Maguire",3.809,139000000,"Male",43,"Action",403706375,"Spider-Man","PG-13",5,121,7.3,"Male",27,587005,2002,264706375,"high"
"605",605,"Cameron Crowe",1.421,"Tom Cruise",9.076,50000000,"Male",39,"Comedy",153952592,"Jerry Maguire","R",12,139,7.3,"Male",34,204244,1996,103952592,"high"
"912",912,"Francis Lawrence",1.816,"Jennifer Lawrence",7.776,125000000,"Male",43,"Action",337135885,"The Hunger Games: Mockingjay - Part 1","PG-13",11,123,6.7,"Female",24,341715,2014,212135885,"high"
"202",202,"Tim Burton",2.186,"Michael Keaton",5.122,35000000,"Male",31,"Action",251188924,"Batman","PG-13",6,126,7.6,"Male",38,288860,1989,216188924,"high"
"900",900,"Todd Phillips",1.425,"Bradley Cooper",11.625,80000000,"Male",41,"Comedy",254464305,"The Hangover Part II","R",5,102,6.5,"Male",36,402097,2011,174464305,"high"
"931",931,"Darren Aronofsky",3.128,"Natalie Portman",9.525,13000000,"Male",41,"Drama",106954678,"Black Swan","R",12,108,8,"Female",29,594148,2010,93954678,"high"
"687",687,"James Mangold",1.238,"Joaquin Phoenix",3.044,28000000,"Male",42,"Biography",119519402,"Walk the Line","PG-13",11,136,7.9,"Male",31,198923,2005,91519402,"high"
"668",668,"Jay Roach",0.6,"Ben Stiller",5.618,55000000,"Male",43,"Comedy",166244045,"Meet the Parents","PG-13",10,108,7,"Male",35,275232,2000,111244045,"high"
"51",51,"John Landis",1.4,"Eddie Murphy",4.385,39000000,"Male",38,"Comedy",128152300,"Coming to America","R",6,116,7,"Male",27,130485,1988,89152300,"high"
"971",971,"Nicholas Stoller",1.4,"Seth Rogen",3.773,18000000,"Male",38,"Comedy",150157400,"Neighbors","R",5,97,6.3,"Male",32,242874,2014,132157400,"high"
"151",151,"Joel Coen",2.822,"Nicolas Cage",10.962,6000000,"Male",33,"Comedy",22847564,"Raising Arizona","PG-13",4,94,7.4,"Male",23,107669,1987,16847564,"high"
"698",698,"Brett Ratner",2.573,"Jackie Chan",13.413,90000000,"Male",32,"Action",226164286,"Rush Hour 2","PG-13",8,90,6.6,"Male",47,171603,2001,136164286,"high"
"365",365,"Chris Columbus",1.646,"Macaulay Culkin",2.59,18000000,"Male",34,"Adventure",173585516,"Home Alone 2: Lost in New York","PG",11,120,6.6,"Male",12,226766,1992,155585516,"high"
"757",757,"Alexander Payne",1.96,"Jack Nicholson",3.671,30000000,"Male",41,"Comedy",65016287,"About Schmidt","R",1,125,7.2,"Male",65,112029,2002,35016287,"high"
"485",485,"Jan de Bont",1.4,"Keanu Reeves",11.809,30000000,"Male",51,"Action",121248145,"Speed","R",6,116,7.2,"Male",30,279357,1994,91248145,"high"
"713",713,"Andy Tennant",1.269,"Drew Barrymore",4.681,26000000,"Male",43,"Comedy",65705771,"Ever After: A Cinderella Story","PG-13",7,121,7,"Female",23,61035,1998,39705771,"high"
"934",934,"David Frankel",1.47,"Anne Hathaway",8.263,35000000,"Male",47,"Comedy",124740460,"The Devil Wears Prada","PG-13",6,109,6.8,"Female",24,308388,2006,89740460,"high"
"360",360,"Garry Marshall",2.111,"Anne Hathaway",8.263,40000000,"Male",70,"Comedy",95170481,"The Princess Diaries 2: Royal Engagement","G",8,113,5.7,"Female",22,59819,2004,55170481,"high"
"753",753,"Raja Gosnell",1.4,"Drew Barrymore",4.681,20000000,"Male",50,"Adventure",94514402,"Beverly Hills Chihuahua","PG",10,91,3.7,"Female",33,18775,2008,74514402,"high"
"887",887,"Adam McKay",1.4,"Christian Bale",7.309,28000000,"Male",47,"Biography",70259870,"The Big Short","R",12,130,7.8,"Male",41,260244,2015,42259870,"high"
"186",186,"Ridley Scott",3.847,"Susan Sarandon",5.772,16500000,"Male",54,"Adventure",45361000,"Thelma & Louise","R",5,130,7.4,"Female",45,109801,1991,28861000,"high"
"642",642,"David O. Russell",1.071,"Christian Bale",7.309,40000000,"Male",55,"Crime",150117807,"American Hustle","R",12,138,7.3,"Male",39,386428,2013,110117807,"high"
"113",113,"John McTiernan",1.658,"Arnold Schwarzenegger",8.524,15000000,"Male",36,"Action",59735548,"Predator","R",6,107,7.8,"Male",40,313213,1987,44735548,"high"
"245",245,"Andrew Davis",1.38,"Steven Seagal",4.211,7500000,"Male",42,"Action",18869631,"Above the Law","R",4,99,6,"Male",36,24061,1988,11369631,"high"
"357",357,"Garry Marshall",2.111,"Julia Roberts",7.443,70000000,"Male",65,"Comedy",152257509,"Runaway Bride","PG",7,116,5.5,"Female",32,79935,1999,82257509,"high"
"13",13,"James Cameron",3.66,"Sigourney Weaver",4.624,18500000,"Male",32,"Action",85160248,"Aliens","R",7,137,8.4,"Female",37,540152,1986,66660248,"high"
"349",349,"Martin Scorsese",3.121,"Robert De Niro",4.029,35000000,"Male",49,"Crime",79100000,"Cape Fear","R",11,128,7.3,"Male",48,138370,1991,44100000,"high"
"811",811,"Wes Anderson",3.41,"Ralph Fiennes",5.55,25000000,"Male",45,"Adventure",59100318,"The Grand Budapest Hotel","R",3,99,8.1,"Male",52,550331,2014,34100318,"high"
"290",290,"Robert Zemeckis",2.514,"Michael J. Fox",3.775,40000000,"Male",38,"Adventure",87727583,"Back to the Future Part III","PG",5,118,7.4,"Male",29,316774,1990,47727583,"high"
"443",443,"Robert Altman",1.798,"Tim Robbins",4.466,8000000,"Male",67,"Comedy",21706100,"The Player","R",5,124,7.6,"Male",34,45208,1992,13706100,"high"
"562",562,"Richard Linklater",1.96,"Ethan Hawke",4.311,2500000,"Male",35,"Drama",5535405,"Before Sunrise","R",1,101,8.1,"Male",25,207167,1995,3035405,"high"
"446",446,"Nora Ephron",0.98,"Tom Hanks",10.221,21000000,"Female",52,"Comedy",126533006,"Sleepless in Seattle","PG",6,105,6.8,"Male",37,132264,1993,105533006,"high"
"150",150,"Steven Spielberg",8.506,"Leonardo DiCaprio",15.648,52000000,"Male",56,"Biography",164615351,"Catch Me If You Can","PG-13",12,141,8.1,"Male",28,611179,2002,112615351,"high"
"752",752,"Raja Gosnell",1.4,"Drew Barrymore",4.681,25000000,"Male",41,"Comedy",55474756,"Never Been Kissed","PG-13",4,107,6,"Female",24,72371,1999,30474756,"high"
"614",614,"Bobby Farrelly",0.98,"Ben Stiller",5.618,23000000,"Male",40,"Comedy",176484651,"There's Something About Mary","R",7,119,7.1,"Male",33,259794,1998,153484651,"high"
"722",722,"Eric Darnell",1.4,"Chris Rock",2.064,75000000,"Male",44,"Animation",193595521,"Madagascar","PG",5,86,6.9,"Male",40,294387,2005,118595521,"high"
"97",97,"Ivan Reitman",1.4,"Arnold Schwarzenegger",8.524,15000000,"Male",42,"Comedy",111936400,"Twins","PG",12,107,6,"Male",41,94295,1988,96936400,"high"
"669",669,"Jay Roach",0.6,"Ben Stiller",5.618,80000000,"Male",47,"Comedy",279261160,"Meet the Fockers","PG-13",12,115,6.3,"Male",39,223589,2004,199261160,"high"
"356",356,"Garry Marshall",2.111,"Richard Gere",3.882,14000000,"Male",56,"Comedy",178406268,"Pretty Woman","R",3,119,7,"Male",41,233319,1990,164406268,"high"
"730",730,"David Dobkin",0.6,"Owen Wilson",3.803,40000000,"Male",36,"Comedy",209218368,"Wedding Crashers","R",7,119,7,"Male",37,295346,2005,169218368,"high"
"568",568,"Richard Linklater",1.96,"Jack Black",4.644,35000000,"Male",43,"Comedy",81261177,"School of Rock","PG-13",10,108,7.1,"Male",34,224330,2003,46261177,"high"
"697",697,"Brett Ratner",2.573,"Jackie Chan",13.413,33000000,"Male",29,"Action",141153686,"Rush Hour","PG-13",9,98,6.9,"Male",44,201905,1998,108153686,"high"
"477",477,"Barry Sonnenfeld",1.307,"Tommy Lee Jones",5.393,90000000,"Male",44,"Adventure",250690539,"Men in Black","PG-13",7,98,7.3,"Male",51,438633,1997,160690539,"high"
"454",454,"Jon Turteltaub",2.175,"Robert De Niro",4.029,28000000,"Male",50,"Comedy",63914167,"Last Vegas","PG-13",11,105,6.6,"Male",70,114125,2013,35914167,"high"
"691",691,"Ang Lee",1.4,"Jake Gyllenhaal",4.099,14000000,"Male",51,"Drama",83043761,"Brokeback Mountain","R",1,134,7.7,"Male",25,276758,2005,69043761,"high"
"23",23,"Adrian Lyne",0.608,"Robert Redford",5.138,38000000,"Male",52,"Drama",106614100,"Indecent Proposal","R",4,117,5.8,"Male",57,51687,1993,68614100,"high"
"400",400,"Lasse Hallstrom",1.38,"Tobey Maguire",3.809,24000000,"Male",53,"Drama",57545092,"The Cider House Rules","PG-13",1,126,7.4,"Male",24,83170,1999,33545092,"high"
"636",636,"Brian Levant",0.6,"Ice Cube",2.436,32000000,"Male",53,"Adventure",82674398,"Are We There Yet?","PG",1,95,4.6,"Male",36,24485,2005,50674398,"high"
"594",594,"Wes Craven",1.4,"David Arquette",0.6,40000000,"Male",61,"Horror",89138076,"Scream 3","R",2,116,5.5,"Male",29,105236,2000,49138076,"high"
"390",390,"Wolfgang Petersen",1.4,"Clint Eastwood",8.802,40000000,"Male",52,"Action",102314283,"In the Line of Fire","R",7,128,7.2,"Male",63,78551,1993,62314283,"high"
"725",725,"Peter Berg",1.494,"Mark Wahlberg",5.681,40000000,"Male",49,"Action",125095601,"Lone Survivor","R",1,121,7.5,"Male",42,224829,2013,85095601,"high"
"865",865,"Tim Story",1.4,"Ice Cube",2.436,25000000,"Male",44,"Action",134938200,"Ride Along","PG-13",1,99,6.2,"Male",45,84906,2014,109938200,"high"
"171",171,"Roger Donaldson",0.64,"Kevin Costner",3.803,15000000,"Male",42,"Action",35509515,"No Way Out","R",8,114,7.1,"Male",32,28684,1987,20509515,"high"
"50",50,"Michael Ritchie",0.6,"Chevy Chase",1.566,8000000,"Male",51,"Comedy",35150960,"Fletch Lives","PG",3,95,6.1,"Male",46,16426,1989,27150960,"high"
"78",78,"Ron Howard",2.996,"Michael Keaton",5.122,6000000,"Male",40,"Comedy",38824341,"The Paper","R",3,112,6.6,"Male",43,11123,1994,32824341,"high"
"246",246,"Andrew Davis",1.38,"Harrison Ford",6.877,44000000,"Male",47,"Action",183875760,"The Fugitive","PG-13",8,130,7.8,"Male",51,226899,1993,139875760,"high"
"406",406,"Quentin Tarantino",8.831,"John Travolta",7.648,8000000,"Male",31,"Crime",107928762,"Pulp Fiction","R",10,154,8.9,"Male",40,1456787,1994,99928762,"high"
"543",543,"James L. Brooks",0.907,"Jack Nicholson",3.671,50000000,"Male",57,"Comedy",148478011,"As Good as It Gets","PG-13",12,139,7.7,"Male",60,238028,1997,98478011,"high"
"299",299,"Edward Zwick",1.4,"Brad Pitt",7.525,30000000,"Male",42,"Drama",66638883,"Legends of the Fall","R",1,133,7.5,"Male",31,121453,1994,36638883,"high"
"734",734,"Sam Mendes",1.558,"Kevin Spacey",4.314,15000000,"Male",34,"Drama",130096601,"American Beauty","R",10,122,8.4,"Male",40,899755,1999,115096601,"high"
"222",222,"Alan Parker",1.4,"Gene Hackman",2.421,15000000,"Male",44,"Crime",34603943,"Mississippi Burning","R",1,128,7.8,"Male",58,70539,1988,19603943,"high"
"831",831,"Jon Favreau",2.355,"Will Ferrell",3.363,33000000,"Male",37,"Comedy",173398518,"Elf","PG",11,97,6.9,"Male",36,162013,2003,140398518,"high"
"248",248,"Andrew Davis",1.38,"Shia LaBeouf",3.534,20000000,"Male",57,"Adventure",67406573,"Holes","PG",4,117,7.1,"Male",17,63052,2003,47406573,"high"
"497",497,"Tom Shadyac",2.309,"Jim Carrey",6.861,45000000,"Male",39,"Comedy",181410615,"Liar Liar","PG-13",3,86,6.8,"Male",35,237870,1997,136410615,"high"
"827",827,"Gore Verbinski",1.696,"Naomi Watts",3.556,48000000,"Male",38,"Horror",129128133,"The Ring","PG-13",10,115,7.1,"Female",34,275425,2002,81128133,"high"
"935",935,"David Frankel",1.47,"Owen Wilson",3.803,60000000,"Male",49,"Comedy",143153751,"Marley & Me","PG",12,100,7.1,"Male",40,125638,2008,83153751,"high"
"595",595,"Dennis Dugan",1.4,"Adam Sandler",5.146,12000000,"Male",50,"Comedy",38624000,"Happy Gilmore","PG-13",2,92,7,"Male",30,166846,1996,26624000,"high"
"56",56,"Richard Benjamin",1.032,"Tom Hanks",10.221,10000000,"Male",48,"Comedy",37499651,"The Money Pit","PG",3,91,6.3,"Male",30,41278,1986,27499651,"high"
"679",679,"Kevin Smith",1.4,"Ben Affleck",8.654,250000,"Male",27,"Comedy",12006514,"Chasing Amy","R",4,113,7.3,"Male",25,119658,1997,11756514,"high"
"903",903,"Bill Condon",2.697,"Kristen Stewart",5.666,110000000,"Male",56,"Adventure",281287133,"The Twilight Saga: Breaking Dawn - Part 1","PG-13",11,117,4.9,"Female",21,193280,2011,171287133,"high"
"644",644,"David O. Russell",1.071,"Mark Wahlberg",5.681,25000000,"Male",52,"Biography",93617009,"The Fighter","R",12,116,7.8,"Male",39,294996,2010,68617009,"high"
"776",776,"Peyton Reed",1.322,"Kirsten Dunst",5.879,11000000,"Male",36,"Comedy",68379000,"Bring It On","PG-13",8,98,6,"Female",18,74635,2000,57379000,"high"
"237",237,"Ron Shelton",1.4,"Kevin Costner",3.803,7000000,"Male",43,"Comedy",50888729,"Bull Durham","R",6,108,7.1,"Male",33,39369,1988,43888729,"high"
"323",323,"Steven Soderbergh",2.46,"Channing Tatum",3.443,7000000,"Male",49,"Comedy",113721571,"Magic Mike","R",6,110,6.1,"Male",32,115818,2012,106721571,"high"
"672",672,"Jay Roach",0.6,"Mike Myers",3.157,63000000,"Male",45,"Action",213307889,"Austin Powers in Goldmember","PG-13",7,94,6.2,"Male",39,172153,2002,150307889,"high"
"748",748,"Sofia Coppola",1.481,"Bill Murray",2.979,4000000,"Female",32,"Drama",44585453,"Lost in Translation","R",10,102,7.8,"Male",53,345221,2003,40585453,"high"
"270",270,"Spike Lee",3.177,"Edward Norton",3.797,5000000,"Male",45,"Drama",13060843,"25th Hour","R",1,135,7.7,"Male",33,156154,2002,8060843,"high"
"565",565,"Richard Linklater",1.96,"Ethan Hawke",4.311,3000000,"Male",53,"Drama",8114627,"Before Midnight","R",6,109,7.9,"Male",43,108281,2013,5114627,"high"
"948",948,"Tyler Perry",3.998,"Tyler Perry",3.998,6000000,"Male",37,"Comedy",63257940,"Madea's Family Reunion","PG-13",2,107,5.1,"Male",37,9376,2006,57257940,"high"
"289",289,"Robert Zemeckis",2.514,"Michael J. Fox",3.775,40000000,"Male",37,"Adventure",118500000,"Back to the Future Part II","PG",11,108,7.8,"Male",28,377402,1989,78500000,"high"
"496",496,"Tom Shadyac",2.309,"Jim Carrey",6.861,12000000,"Male",36,"Comedy",72217000,"Ace Ventura: Pet Detective","PG-13",2,86,6.9,"Male",32,232964,1994,60217000,"high"
"864",864,"Tim Story",1.4,"Ice Cube",2.436,12000000,"Male",32,"Comedy",75782105,"Barbershop","PG-13",9,102,6.3,"Male",33,23871,2002,63782105,"high"
"218",218,"Penny Marshall",0.721,"Tom Hanks",10.221,40000000,"Female",49,"Comedy",107533928,"A League of Their Own","PG",7,128,7.2,"Male",36,77047,1992,67533928,"high"
"525",525,"Robert Redford",5.138,"Robert Redford",5.138,2000000,"Male",76,"Drama",5132442,"The Company You Keep","R",4,125,6.4,"Male",76,27858,2012,3132442,"high"
"123",123,"Richard Donner",1.96,"Mel Gibson",6.015,35000000,"Male",62,"Action",144731527,"Lethal Weapon 3","R",5,118,6.7,"Male",36,136206,1992,109731527,"high"
"939",939,"Anne Fletcher",1.4,"Channing Tatum",3.443,12000000,"Female",40,"Crime",65328121,"Step Up","PG-13",8,104,6.5,"Male",26,97712,2006,53328121,"high"
"816",816,"Marc Forster",1.49,"Billy Bob Thornton",3.726,4000000,"Male",32,"Drama",31252964,"Monster's Ball","R",3,111,7.1,"Male",46,74601,2001,27252964,"high"
"149",149,"Steven Spielberg",8.506,"Daniel Day-Lewis",3.704,65000000,"Male",66,"Biography",182207973,"Lincoln","PG-13",11,150,7.4,"Male",55,211227,2012,117207973,"high"
"880",880,"Mark Waters",1.38,"Jamie Lee Curtis",5.2,26000000,"Male",39,"Comedy",110230332,"Freaky Friday","PG",8,97,6.1,"Female",45,104892,2003,84230332,"high"
"146",146,"Steven Spielberg",8.506,"Harrison Ford",6.877,48000000,"Male",43,"Action",197171806,"Indiana Jones and the Last Crusade","PG-13",5,127,8.3,"Male",47,566432,1989,149171806,"high"
"37",37,"Clint Eastwood",8.802,"Sean Penn",2.196,25000000,"Male",73,"Crime",90135191,"Mystic River","R",10,138,8,"Male",43,361466,2003,65135191,"high"
"420",420,"Jonathan Lynn",1.634,"Joe Pesci",2.301,11000000,"Male",49,"Comedy",52929168,"My Cousin Vinny","R",3,120,7.5,"Male",49,88685,1992,41929168,"high"
"582",582,"Robert Rodriguez",4.038,"Antonio Banderas",3.216,7000000,"Male",27,"Action",25625110,"Desperado","R",8,104,7.2,"Male",35,147918,1995,18625110,"high"
"767",767,"Keenen Ivory Wayans",1.025,"Anna Faris",3.664,19000000,"Male",42,"Comedy",157019771,"Scary Movie","R",7,88,6.2,"Female",24,199176,2000,138019771,"high"
"510",510,"Donald Petrie",1.4,"Sandra Bullock",7.401,45000000,"Male",46,"Action",106807667,"Miss Congeniality","PG-13",12,109,6.2,"Female",36,150621,2000,61807667,"high"
"278",278,"Stephen Herek",1.932,"Keanu Reeves",11.809,10000000,"Male",31,"Adventure",40485039,"Bill & Ted's Excellent Adventure","PG",2,90,6.9,"Male",25,90901,1989,30485039,"high"
"745",745,"M. Night Shyamalan",4.074,"Bruce Willis",9.536,40000000,"Male",29,"Drama",293506292,"The Sixth Sense","PG-13",8,107,8.1,"Male",44,766528,1999,253506292,"high"
"670",670,"Jay Roach",0.6,"Mike Myers",3.157,17000000,"Male",40,"Adventure",53883989,"Austin Powers: International Man of Mystery","PG-13",5,94,7,"Male",34,193479,1997,36883989,"high"
"946",946,"Mark Neveldine",1.38,"Jason Statham",11.813,12000000,"Male",33,"Action",27829874,"Crank","R",9,88,7,"Male",39,208393,2006,15829874,"high"
"402",402,"Lasse Hallstrom",1.38,"Channing Tatum",3.443,25000000,"Male",64,"Drama",80014842,"Dear John","PG-13",2,108,6.3,"Male",30,115712,2010,55014842,"high"
"205",205,"Tim Burton",2.186,"Johnny Depp",12.506,20000000,"Male",32,"Drama",56362352,"Edward Scissorhands","PG-13",12,105,7.9,"Male",27,384404,1990,36362352,"high"
"961",961,"Andy Fickman",1.4,"Billy Crystal",1.565,25000000,"Male",42,"Comedy",77267296,"Parental Guidance","PG",12,105,6.1,"Male",64,22401,2012,52267296,"high"
"623",623,"Rob Cohen",1.4,"Vin Diesel",8.511,38000000,"Male",52,"Action",144533925,"The Fast and the Furious","PG-13",6,106,6.7,"Male",34,295769,2001,106533925,"high"
"986",986,"Jake Kasdan",0.98,"Cameron Diaz",4.966,20000000,"Male",37,"Comedy",100292856,"Bad Teacher","R",6,92,5.7,"Female",39,169725,2011,80292856,"high"
"117",117,"John McTiernan",1.658,"Sean Connery",7.225,30000000,"Male",39,"Action",122012643,"The Hunt for Red October","PG",3,135,7.6,"Male",60,152517,1990,92012643,"high"
"73",73,"Ron Howard",2.996,"Tom Hanks",10.221,52000000,"Male",41,"Adventure",173837933,"Apollo 13","PG",6,140,7.6,"Male",39,224635,1995,121837933,"high"
"273",273,"Harold Becker",0.6,"Al Pacino",3.217,19000000,"Male",61,"Crime",58571513,"Sea of Love","R",9,113,6.8,"Male",49,32138,1989,39571513,"high"
"558",558,"F. Gary Gray",1.663,"Ice Cube",2.436,3500000,"Male",26,"Comedy",27467564,"Friday","R",4,91,7.3,"Male",26,82224,1995,23967564,"high"
"326",326,"Bruce Beresford",1.96,"Morgan Freeman",15.204,7500000,"Male",49,"Drama",106593296,"Driving Miss Daisy","PG",1,99,7.4,"Male",52,79478,1989,99093296,"high"
"572",572,"Michael Bay",2.758,"Will Smith",5.117,19000000,"Male",30,"Action",65807024,"Bad Boys","R",4,119,6.8,"Male",27,186965,1995,46807024,"high"
"676",676,"Gary Fleder",1.4,"Morgan Freeman",15.204,27000000,"Male",32,"Crime",60527873,"Kiss the Girls","R",10,115,6.6,"Male",60,54408,1997,33527873,"high"
"927",927,"Zack Snyder",3.666,"Gerard Butler",10.683,65000000,"Male",40,"Action",210614939,"300","R",3,117,7.7,"Male",37,648211,2006,145614939,"high"
"744",744,"M. Night Shyamalan",4.074,"Mel Gibson",6.015,72000000,"Male",32,"Drama",227966634,"Signs","PG-13",8,106,6.7,"Male",46,292420,2002,155966634,"high"
"851",851,"Shawn Levy",1.286,"Steve Martin",2.159,40000000,"Male",35,"Comedy",138614544,"Cheaper by the Dozen","PG",12,98,5.8,"Male",58,80652,2003,98614544,"high"
"3",3,"Tony Scott",1.964,"Eddie Murphy",4.385,28000000,"Male",43,"Action",153665000,"Beverly Hills Cop II","R",5,100,6.5,"Male",26,90969,1987,125665000,"high"
"837",837,"Adam Shankman",1.38,"Steve Martin",2.159,33000000,"Male",39,"Comedy",132716677,"Bringing Down the House","PG-13",3,105,5.6,"Male",58,31366,2003,99716677,"high"
"821",821,"Gore Verbinski",1.696,"Johnny Depp",12.506,140000000,"Male",39,"Action",305413918,"Pirates of the Caribbean: The Curse of the Black Pearl","PG-13",7,143,8,"Male",40,886092,2003,165413918,"high"
"841",841,"Adam Shankman",1.38,"Mandy Moore",4.274,11000000,"Male",38,"Drama",41227069,"A Walk to Remember","PG",1,101,7.4,"Female",18,174670,2002,30227069,"high"
"742",742,"Paul Weitz",1.024,"Jason Biggs",2.376,11000000,"Male",34,"Comedy",102561004,"American Pie","R",7,95,7,"Male",21,332271,1999,91561004,"high"
"549",549,"Bryan Singer",4.915,"Kevin Spacey",4.314,6000000,"Male",30,"Crime",23341568,"The Usual Suspects","R",9,106,8.6,"Male",36,814470,1995,17341568,"high"
"249",249,"Jonathan Demme",1.767,"Tom Hanks",10.221,26000000,"Male",49,"Drama",77324422,"Philadelphia","PG-13",1,125,7.7,"Male",37,191244,1993,51324422,"high"
"952",952,"Tyler Perry",3.998,"Tyler Perry",3.998,20000000,"Male",47,"Comedy",73159525,"Boo! A Madea Halloween","PG-13",10,103,4.7,"Male",47,4640,2016,53159525,"high"
"90",90,"Harold Ramis",0.84,"Bill Murray",2.979,14600000,"Male",49,"Comedy",70906973,"Groundhog Day","PG",2,101,8,"Male",43,483649,1993,56306973,"high"
"382",382,"Kevin Reynolds",0.98,"Kevin Costner",3.803,48000000,"Male",39,"Action",165500000,"Robin Hood: Prince of Thieves","PG-13",6,143,6.9,"Male",36,154125,1991,117500000,"high"
"225",225,"David Zucker",1.567,"Leslie Nielsen",4.655,12000000,"Male",41,"Comedy",78041829,"The Naked Gun: From the Files of Police Squad!","PG-13",12,85,7.6,"Male",62,124515,1988,66041829,"high"
"552",552,"John Lasseter",2.561,"Tom Hanks",10.221,30000000,"Male",38,"Animation",191796233,"Toy Story","G",11,81,8.3,"Male",39,694113,1995,161796233,"high"
"104",104,"Ivan Reitman",1.4,"Natalie Portman",9.525,25000000,"Male",65,"Comedy",70662220,"No Strings Attached","R",1,108,6.2,"Female",30,181844,2011,45662220,"high"
"108",108,"Brian De Palma",1.829,"Kevin Costner",3.803,25000000,"Male",47,"Crime",76270454,"The Untouchables","R",6,119,7.9,"Male",32,234254,1987,51270454,"high"
"279",279,"Stephen Herek",1.932,"Emilio Estevez",1.636,10000000,"Male",34,"Comedy",50752337,"The Mighty Ducks","PG",10,100,6.4,"Male",30,48129,1992,40752337,"high"
"977",977,"Scott Derrickson",0.6,"Ethan Hawke",4.311,3000000,"Male",46,"Horror",48086903,"Sinister","R",10,110,6.8,"Male",42,177787,2012,45086903,"high"
"962",962,"Andy Fickman",1.4,"Dwayne Johnson",8.3,22000000,"Male",37,"Comedy",90648202,"The Game Plan","PG",9,110,6.2,"Male",35,48000,2007,68648202,"high"
"846",846,"Christopher Nolan",6.263,"Christian Bale",7.309,185000000,"Male",38,"Action",534858444,"The Dark Knight","PG-13",7,152,9,"Male",34,1839571,2008,349858444,"high"
"714",714,"Andy Tennant",1.269,"Reese Witherspoon",3.141,38000000,"Male",47,"Comedy",127223418,"Sweet Home Alabama","PG-13",9,108,6.2,"Female",26,89028,2002,89223418,"high"
"896",896,"Ethan Coen",1.893,"Tommy Lee Jones",5.393,25000000,"Male",50,"Crime",74283625,"No Country for Old Men","R",11,122,8.1,"Male",61,679346,2007,49283625,"high"
"493",493,"Tom Shadyac",2.309,"Eddie Murphy",4.385,54000000,"Male",38,"Comedy",128814019,"The Nutty Professor","PG-13",6,95,5.6,"Male",35,92803,1996,74814019,"high"
"646",646,"David O. Russell",1.071,"Bradley Cooper",11.625,21000000,"Male",54,"Comedy",132092958,"Silver Linings Playbook","R",12,122,7.8,"Male",37,575513,2012,111092958,"high"
"596",596,"Dennis Dugan",1.4,"Adam Sandler",5.146,34200000,"Male",53,"Comedy",163479795,"Big Daddy","PG-13",6,93,6.4,"Male",33,171997,1999,129279795,"high"
"854",854,"Shawn Levy",1.286,"Ben Stiller",5.618,110000000,"Male",38,"Adventure",250863268,"Night at the Museum","PG",12,108,6.4,"Male",41,257969,2006,140863268,"high"
"520",520,"Joel Schumacher",1.4,"Matthew McConaughey",8.794,40000000,"Male",57,"Crime",108766007,"A Time to Kill","R",7,149,7.4,"Male",27,108790,1996,68766007,"high"
"480",480,"Stephen Sommers",0.615,"Elijah Wood",4.524,6500000,"Male",31,"Adventure",24103594,"The Adventures of Huck Finn","PG",4,108,6.2,"Male",12,6666,1993,17603594,"high"
"263",263,"Spike Lee",3.177,"Laurence Fishburne",4.523,6500000,"Male",31,"Comedy",14545844,"School Daze","R",2,121,5.8,"Male",27,5042,1988,8045844,"high"
"498",498,"Tom Shadyac",2.309,"Jim Carrey",6.861,81000000,"Male",45,"Comedy",242829261,"Bruce Almighty","PG-13",5,101,6.7,"Male",41,319425,2003,161829261,"high"
"671",671,"Jay Roach",0.6,"Mike Myers",3.157,33000000,"Male",42,"Action",206040086,"Austin Powers: The Spy Who Shagged Me","PG-13",6,95,6.6,"Male",36,191205,1999,173040086,"high"
"291",291,"Robert Zemeckis",2.514,"Denzel Washington",6.518,31000000,"Male",60,"Drama",93772375,"Flight","R",11,138,7.3,"Male",58,280858,2012,62772375,"high"
"170",170,"Roger Donaldson",0.64,"Tom Cruise",9.076,20000000,"Male",43,"Comedy",78222753,"Cocktail","R",7,104,5.8,"Male",26,65825,1988,58222753,"high"
"72",72,"Ron Howard",2.996,"Steve Martin",2.159,31000000,"Male",35,"Comedy",100047830,"Parenthood","PG-13",8,124,7,"Male",44,37913,1989,69047830,"high"
"429",429,"David Fincher",3.681,"Jesse Eisenberg",1.912,40000000,"Male",48,"Biography",96962694,"The Social Network","PG-13",10,120,7.7,"Male",27,521956,2010,56962694,"high"
"44",44,"Clint Eastwood",8.802,"Hilary Swank",4.505,30000000,"Male",74,"Drama",100492203,"Million Dollar Baby","PG-13",1,132,8.1,"Female",30,528910,2004,70492203,"high"
"779",779,"Peyton Reed",1.322,"Jennifer Aniston",5.314,52000000,"Male",42,"Comedy",118703275,"The Break-Up","PG-13",6,106,5.8,"Female",37,108341,2006,66703275,"high"
"928",928,"Darren Aronofsky",3.128,"Mickey Rourke",3.011,6000000,"Male",39,"Drama",26236603,"The Wrestler","R",1,109,7.9,"Male",56,263945,2008,20236603,"high"
"781",781,"Nancy Meyers",1.38,"Mel Gibson",6.015,70000000,"Female",51,"Comedy",182811707,"What Women Want","PG-13",12,127,6.4,"Male",44,169079,2000,112811707,"high"
"121",121,"Richard Donner",1.96,"Mel Gibson",6.015,15000000,"Male",57,"Action",65207127,"Lethal Weapon","R",3,110,7.6,"Male",31,204328,1987,50207127,"high"
"159",159,"Barry Levinson",2.402,"Richard Dreyfuss",1.471,11000000,"Male",45,"Comedy",25411386,"Tin Men","R",3,112,6.5,"Male",40,6960,1987,14411386,"high"
"764",764,"Boaz Yakin",2.05,"Denzel Washington",6.518,30000000,"Male",34,"Biography",115654751,"Remember the Titans","PG",9,113,7.8,"Male",46,171757,2000,85654751,"high"
"65",65,"Mike Nichols",1.4,"Robin Williams",4.824,31000000,"Male",65,"Comedy",124060553,"The Birdcage","R",3,117,7,"Male",45,66577,1996,93060553,"high"
"737",737,"Lana Wachowski",2.431,"Keanu Reeves",11.809,63000000,"Female",34,"Action",171479930,"The Matrix","R",3,136,8.7,"Male",35,1339820,1999,108479930,"high"
"27",27,"Clint Eastwood",8.802,"Clint Eastwood",8.802,15000000,"Male",56,"Action",42724017,"Heartbreak Ridge","R",12,130,6.8,"Male",56,32954,1986,27724017,"high"
"101",101,"Ivan Reitman",1.4,"Bill Murray",2.979,37000000,"Male",43,"Action",112494738,"Ghostbusters II","PG",6,108,6.5,"Male",39,152597,1989,75494738,"high"
"612",612,"Bobby Farrelly",0.98,"Jim Carrey",6.861,35000000,"Male",56,"Adventure",86208010,"Dumb and Dumber To","PG-13",11,109,5.7,"Male",52,107048,2014,51208010,"high"
"856",856,"Shawn Levy",1.286,"Frankie Muniz",1.094,15000000,"Male",34,"Adventure",47811275,"Big Fat Liar","PG",2,88,5.4,"Male",17,30579,2002,32811275,"high"
"302",302,"Rob Reiner",2.379,"Tom Cruise",9.076,40000000,"Male",45,"Drama",141340178,"A Few Good Men","R",12,138,7.7,"Male",30,196002,1992,101340178,"high"
"148",148,"Steven Spielberg",8.506,"Liam Neeson",8.266,22000000,"Male",47,"Biography",96067179,"Schindler's List","R",2,195,8.9,"Male",41,956124,1993,74067179,"high"
"711",711,"Andy Tennant",1.269,"Will Smith",5.117,70000000,"Male",50,"Comedy",179495555,"Hitch","PG-13",2,118,6.6,"Male",37,259673,2005,109495555,"high"
"449",449,"Nora Ephron",0.98,"Amy Adams",9.367,40000000,"Female",68,"Biography",94125426,"Julie & Julia","PG-13",8,118,7,"Female",35,86198,2009,54125426,"high"
"130",130,"Oliver Stone",1.96,"Tom Cruise",9.076,14000000,"Male",43,"Biography",70001698,"Born on the Fourth of July","R",1,145,7.2,"Male",27,82727,1989,56001698,"high"
"24",24,"Adrian Lyne",0.608,"Michael Douglas",2.676,14000000,"Male",46,"Drama",156645693,"Fatal Attraction","R",9,119,6.9,"Male",43,60383,1987,142645693,"high"
"439",439,"Roland Emmerich",2.827,"Will Smith",5.117,75000000,"Male",41,"Action",306169255,"Independence Day","PG-13",7,145,7,"Male",28,461225,1996,231169255,"high"
"227",227,"David Zucker",1.567,"Anna Faris",3.664,48000000,"Male",56,"Comedy",110003217,"Scary Movie 3","PG-13",10,84,5.5,"Female",27,118792,2003,62003217,"high"
"105",105,"Brian De Palma",1.829,"Tom Cruise",9.076,80000000,"Male",56,"Action",180981856,"Mission: Impossible","PG-13",5,110,7.1,"Male",34,323291,1996,100981856,"high"
"950",950,"Tyler Perry",3.998,"Tyler Perry",3.998,13000000,"Male",40,"Comedy",51733921,"I Can Do Bad All by Myself","PG-13",9,100,4.2,"Male",40,8640,2009,38733921,"high"
"892",892,"Adam McKay",1.4,"Will Ferrell",3.363,50000000,"Male",45,"Comedy",127352707,"Anchorman 2: The Legend Continues","PG-13",12,119,6.3,"Male",46,142452,2013,77352707,"high"
"987",987,"Paul Feig",1.595,"Sandra Bullock",7.401,43000000,"Male",51,"Action",159582188,"The Heat","R",6,117,6.6,"Female",49,142704,2013,116582188,"high"
"115",115,"John McTiernan",1.658,"Bruce Willis",9.536,28000000,"Male",37,"Action",83008852,"Die Hard","R",7,131,8.2,"Male",33,647000,1988,55008852,"high"
