﻿Year,Genre ,Frequency 
1986,Action,5
1986,Comedy,7
1986,Crime,1
1986,Drama,1
1987,Action,5
1987,Biography,1
1987,Comedy,3
1987,Crime,3
1987,Drama,2
1988,Action,4
1988,Biography,2
1988,Comedy,14
1988,Crime,1
1988,Drama,3
1989,Action,7
1989,Adventure,3
1989,Biography,2
1989,Comedy,4
1989,Crime,3
1989,Drama,2
1989,Fantasy,1
1990,Action,6
1990,Adventure,2
1990,Comedy,6
1990,Crime,2
1990,Drama,3
1991,Action,4
1991,Adventure,2
1991,Biography,2
1991,Comedy,6
1991,Crime,4
1991,Drama,2
1992,Action,6
1992,Adventure,4
1992,Biography,1
1992,Comedy,8
1992,Crime,3
1992,Drama,4
1993,Action,6
1993,Adventure,2
1993,Biography,1
1993,Comedy,6
1993,Crime,5
1993,Drama,4
1994,Action,8
1994,Adventure,1
1994,Biography,2
1994,Comedy,14
1994,Crime,4
1994,Drama,6
1995,Action,11
1995,Adventure,1
1995,Animation,1
1995,Biography,1
1995,Comedy,7
1995,Crime,3
1995,Drama,3
1996,Action,14
1996,Adventure,2
1996,Comedy,16
1996,Crime,3
1996,Drama,5
1996,Sci-Fi,1
1997,Action,11
1997,Adventure,2
1997,Biography,1
1997,Comedy,8
1997,Crime,6
1997,Drama,9
1998,Action,13
1998,Animation,2
1998,Biography,1
1998,Comedy,11
1998,Crime,4
1998,Drama,4
1998,Horror,1
1999,Action,7
1999,Adventure,1
1999,Animation,1
1999,Biography,3
1999,Comedy,16
1999,Crime,4
1999,Drama,13
1999,Fantasy,2
1999,Horror,1
2000,Action,10
2000,Adventure,3
2000,Biography,3
2000,Comedy,18
2000,Crime,3
2000,Drama,6
2000,Horror,2
2001,Action,10
2001,Adventure,1
2001,Animation,1
2001,Biography,3
2001,Comedy,8
2001,Crime,6
2001,Drama,7
2001,Fantasy,1
2002,Action,13
2002,Adventure,2
2002,Animation,1
2002,Biography,1
2002,Comedy,10
2002,Crime,7
2002,Drama,9
2002,Horror,1
2003,Action,18
2003,Adventure,4
2003,Comedy,20
2003,Crime,2
2003,Drama,3
2003,Mystery,1
2004,Action,9
2004,Adventure,1
2004,Animation,2
2004,Biography,2
2004,Comedy,18
2004,Crime,3
2004,Drama,7
2004,Mystery,1
2005,Action,8
2005,Adventure,6
2005,Animation,2
2005,Biography,2
2005,Comedy,13
2005,Drama,5
2006,Action,11
2006,Adventure,2
2006,Animation,2
2006,Biography,1
2006,Comedy,11
2006,Crime,3
2006,Drama,7
2006,Horror,1
2006,Mystery,1
2007,Action,8
2007,Adventure,3
2007,Biography,2
2007,Comedy,11
2007,Crime,6
2007,Drama,5
2007,Horror,1
2007,Mystery,1
2008,Action,15
2008,Adventure,2
2008,Animation,1
2008,Biography,2
2008,Comedy,14
2008,Crime,2
2008,Drama,6
2009,Action,11
2009,Adventure,4
2009,Animation,2
2009,Biography,3
2009,Comedy,6
2009,Crime,2
2009,Drama,1
2009,Mystery,1
2010,Action,16
2010,Adventure,1
2010,Animation,1
2010,Biography,4
2010,Comedy,10
2010,Drama,4
2010,Mystery,1
2011,Action,13
2011,Adventure,1
2011,Animation,2
2011,Biography,2
2011,Comedy,13
2011,Crime,2
2011,Drama,1
2012,Action,9
2012,Adventure,1
2012,Animation,2
2012,Biography,2
2012,Comedy,8
2012,Drama,4
2012,Horror,1
2013,Action,15
2013,Adventure,2
2013,Biography,1
2013,Comedy,6
2013,Crime,1
2013,Drama,3
2014,Action,14
2014,Adventure,3
2014,Biography,2
2014,Comedy,7
2014,Crime,2
2014,Drama,2
2015,Action,9
2015,Adventure,2
2015,Biography,2
2015,Comedy,6
2015,Crime,2
2015,Drama,3
2015,Mystery,1
2016,Action,7
2016,Animation,1
2016,Biography,2
2016,Comedy,8
2016,Drama,2
